日付,コード,銘柄名,市場・商品区分,33業種コード,33業種区分,17業種コード,17業種区分,規模コード,規模区分
20251130,130A,Ｖｅｒｉｔａｓ　Ｉｎ　Ｓｉｌｉｃｏ,グロース（内国株式）,3250,医薬品,5,医薬品,-,-
20251130,135A,ＶＲＡＩＮ　Ｓｏｌｕｔｉｏｎ,グロース（内国株式）,5250,情報・通信業,10,情報通信・サービスその他,-,-
20251130,137A,Ｃｏｃｏｌｉｖｅ,グロース（内国株式）,5250,情報・通信業,10,情報通信・サービスその他,-,-
20251130,138A,光フードサービス,グロース（内国株式）,6100,小売業,14,小売,-,-
20251130,1401,エムビーエス,グロース（内国株式）,2050,建設業,3,建設・資材,-,-
20251130,141A,トライアルホールディングス,グロース（内国株式）,6100,小売業,14,小売,-,-
20251130,142A,ジンジブ,グロース（内国株式）,9050,サービス業,10,情報通信・サービスその他,-,-
20251130,1431,Ｌｉｂ　Ｗｏｒｋ,グロース（内国株式）,2050,建設業,3,建設・資材,-,-
20251130,1436,グリーンエナジー＆カンパニー,グロース（内国株式）,2050,建設業,3,建設・資材,-,-
20251130,143A,イシン,グロース（内国株式）,9050,サービス業,10,情報通信・サービスその他,-,-
20251130,1444,ニッソウ,グロース（内国株式）,2050,建設業,3,建設・資材,-,-
20251130,1447,ＳＡＡＦホールディングス,グロース（内国株式）,2050,建設業,3,建設・資材,-,-
20251130,145A,Ｌ　ｉｓ　Ｂ,グロース（内国株式）,5250,情報・通信業,10,情報通信・サービスその他,-,-
20251130,147A,ソラコム,グロース（内国株式）,5250,情報・通信業,10,情報通信・サービスその他,-,-
20251130,148A,ハッチ・ワーク,グロース（内国株式）,5250,情報・通信業,10,情報通信・サービスその他,-,-
20251130,149A,シンカ,グロース（内国株式）,5250,情報・通信業,10,情報通信・サービスその他,-,-
20251130,150A,ＪＳＨ,グロース（内国株式）,9050,サービス業,10,情報通信・サービスその他,-,-
20251130,151A,ダイブ,グロース（内国株式）,9050,サービス業,10,情報通信・サービスその他,-,-
20251130,153A,カウリス,グロース（内国株式）,5250,情報・通信業,10,情報通信・サービスその他,-,-
20251130,155A,情報戦略テクノロジー,グロース（内国株式）,5250,情報・通信業,10,情報通信・サービスその他,-,-
20251130,156A,マテリアルグループ,グロース（内国株式）,9050,サービス業,10,情報通信・サービスその他,-,-
20251130,157A,グリーンモンスター,グロース（内国株式）,9050,サービス業,10,情報通信・サービスその他,-,-
20251130,166A,タスキホールディングス,グロース（内国株式）,8050,不動産業,17,不動産,-,-
20251130,168A,イタミアート,グロース（内国株式）,3800,その他製品,10,情報通信・サービスその他,-,-
20251130,173A,ハンモック,グロース（内国株式）,5250,情報・通信業,10,情報通信・サービスその他,-,-
20251130,175A,Ｗｉｌｌ　Ｓｍａｒｔ,グロース（内国株式）,5250,情報・通信業,10,情報通信・サービスその他,-,-
20251130,176A,レジル,グロース（内国株式）,4050,電気・ガス業,11,電力・ガス,-,-
20251130,177A,コージンバイオ,グロース（内国株式）,3200,化学,4,素材・化学,-,-
20251130,184A,学びエイド,グロース（内国株式）,5250,情報・通信業,10,情報通信・サービスその他,-,-
20251130,186A,アストロスケールホールディングス,グロース（内国株式）,9050,サービス業,10,情報通信・サービスその他,-,-
20251130,189A,Ｄ＆Ｍカンパニー,グロース（内国株式）,9050,サービス業,10,情報通信・サービスその他,-,-
20251130,190A,Ｃｈｏｒｄｉａ　Ｔｈｅｒａｐｅｕｔｉｃｓ,グロース（内国株式）,3250,医薬品,5,医薬品,-,-
20251130,192A,インテグループ,グロース（内国株式）,9050,サービス業,10,情報通信・サービスその他,-,-
20251130,194A,ＷＯＬＶＥＳ　ＨＡＮＤ,グロース（内国株式）,9050,サービス業,10,情報通信・サービスその他,-,-
20251130,195A,ＭＵＳＣＡＴ　ＧＲＯＵＰ,グロース（内国株式）,9050,サービス業,10,情報通信・サービスその他,-,-
20251130,196A,ＭＦＳ,グロース（内国株式）,7200,その他金融業,16,金融（除く銀行）,-,-
20251130,198A,ＰｏｓｔＰｒｉｍｅ,グロース（内国株式）,5250,情報・通信業,10,情報通信・サービスその他,-,-
20251130,202A,豆蔵,グロース（内国株式）,5250,情報・通信業,10,情報通信・サービスその他,-,-
20251130,205A,ロゴスホールディングス,グロース（内国株式）,2050,建設業,3,建設・資材,-,-
20251130,206A,ＰＲＩＳＭ　ＢｉｏＬａｂ,グロース（内国株式）,3250,医薬品,5,医薬品,-,-
20251130,2158,ＦＲＯＮＴＥＯ,グロース（内国株式）,9050,サービス業,10,情報通信・サービスその他,-,-
20251130,215A,タイミー,グロース（内国株式）,9050,サービス業,10,情報通信・サービスその他,-,-
20251130,2160,ジーエヌアイグループ,グロース（内国株式）,3250,医薬品,5,医薬品,-,-
20251130,2164,地域新聞社,グロース（内国株式）,9050,サービス業,10,情報通信・サービスその他,-,-
20251130,2173,博展,グロース（内国株式）,9050,サービス業,10,情報通信・サービスその他,-,-
20251130,218A,Ｌｉｂｅｒａｗａｒｅ,グロース（内国株式）,3750,精密機器,9,電機・精密,-,-
20251130,2195,アミタホールディングス,グロース（内国株式）,9050,サービス業,10,情報通信・サービスその他,-,-
20251130,219A,Ｈｅａｒｔｓｅｅｄ,グロース（内国株式）,3250,医薬品,5,医薬品,-,-
20251130,228A,オプロ,グロース（内国株式）,5250,情報・通信業,10,情報通信・サービスその他,-,-
20251130,2321,ソフトフロントホールディングス,グロース（内国株式）,5250,情報・通信業,10,情報通信・サービスその他,-,-
20251130,2334,イオレ,グロース（内国株式）,9050,サービス業,10,情報通信・サービスその他,-,-
20251130,2342,トランスジェニックグループ,グロース（内国株式）,9050,サービス業,10,情報通信・サービスその他,-,-
20251130,2351,ＡＳＪ,グロース（内国株式）,5250,情報・通信業,10,情報通信・サービスその他,-,-
20251130,2370,メディネット,グロース（内国株式）,9050,サービス業,10,情報通信・サービスその他,-,-
20251130,2385,総医研ホールディングス,グロース（内国株式）,9050,サービス業,10,情報通信・サービスその他,-,-
20251130,2388,ウェッジホールディングス,グロース（内国株式）,7200,その他金融業,16,金融（除く銀行）,-,-
20251130,241A,ＲＯＸＸ,グロース（内国株式）,5250,情報・通信業,10,情報通信・サービスその他,-,-
20251130,2438,アスカネット,グロース（内国株式）,9050,サービス業,10,情報通信・サービスその他,-,-
20251130,244A,グロースエクスパートナーズ,グロース（内国株式）,5250,情報・通信業,10,情報通信・サービスその他,-,-
20251130,245A,ＩＮＧＳ,グロース（内国株式）,6100,小売業,14,小売,-,-
20251130,246A,アスア,グロース（内国株式）,9050,サービス業,10,情報通信・サービスその他,-,-
20251130,247A,Ａｉロボティクス,グロース（内国株式）,3200,化学,4,素材・化学,-,-
20251130,248A,キッズスター,グロース（内国株式）,5250,情報・通信業,10,情報通信・サービスその他,-,-
20251130,2497,ユナイテッド,グロース（内国株式）,9050,サービス業,10,情報通信・サービスその他,-,-
20251130,2586,フルッタフルッタ,グロース（内国株式）,3050,食料品,1,食品,-,-
20251130,264A,Ｓｃｈｏｏ,グロース（内国株式）,9050,サービス業,10,情報通信・サービスその他,-,-
20251130,265A,Ｈｍｃｏｍｍ,グロース（内国株式）,5250,情報・通信業,10,情報通信・サービスその他,-,-
20251130,269A,Ｓａｐｅｅｔ,グロース（内国株式）,5250,情報・通信業,10,情報通信・サービスその他,-,-
20251130,276A,ククレブ・アドバイザーズ,グロース（内国株式）,8050,不動産業,17,不動産,-,-
20251130,277A,グロービング,グロース（内国株式）,9050,サービス業,10,情報通信・サービスその他,-,-
20251130,278A,Ｔｅｒｒａ　Ｄｒｏｎｅ,グロース（内国株式）,3750,精密機器,9,電機・精密,-,-
20251130,280A,ＴＭＨ,グロース（内国株式）,6050,卸売業,13,商社・卸売,-,-
20251130,281A,インフォメティス,グロース（内国株式）,5250,情報・通信業,10,情報通信・サービスその他,-,-
20251130,286A,ユカリア,グロース（内国株式）,9050,サービス業,10,情報通信・サービスその他,-,-
20251130,288A,ラクサス・テクノロジーズ,グロース（内国株式）,9050,サービス業,10,情報通信・サービスその他,-,-
20251130,290A,Ｓｙｎｓｐｅｃｔｉｖｅ,グロース（内国株式）,5250,情報・通信業,10,情報通信・サービスその他,-,-
20251130,291A,リスキル,グロース（内国株式）,9050,サービス業,10,情報通信・サービスその他,-,-
20251130,2934,ジェイフロンティア,グロース（内国株式）,3050,食料品,1,食品,-,-
20251130,2936,ベースフード,グロース（内国株式）,3050,食料品,1,食品,-,-
20251130,2937,サンクゼール,グロース（内国株式）,3050,食料品,1,食品,-,-
20251130,296A,令和アカウンティング・ホールディングス,グロース（内国株式）,9050,サービス業,10,情報通信・サービスその他,-,-
20251130,2978,ツクルバ,グロース（内国株式）,8050,不動産業,17,不動産,-,-
20251130,2981,ランディックス,グロース（内国株式）,8050,不動産業,17,不動産,-,-
20251130,2983,アールプランナー,グロース（内国株式）,8050,不動産業,17,不動産,-,-
20251130,2986,ＬＡホールディングス,グロース（内国株式）,8050,不動産業,17,不動産,-,-
20251130,298A,ＧＶＡ　ＴＥＣＨ,グロース（内国株式）,5250,情報・通信業,10,情報通信・サービスその他,-,-
20251130,2997,ストレージ王,グロース（内国株式）,8050,不動産業,17,不動産,-,-
20251130,2998,クリアル,グロース（内国株式）,8050,不動産業,17,不動産,-,-
20251130,299A,クラシル,グロース（内国株式）,9050,サービス業,10,情報通信・サービスその他,-,-
20251130,302A,ビースタイルホールディングス,グロース（内国株式）,9050,サービス業,10,情報通信・サービスその他,-,-
20251130,303A,ｖｉｓｕｍｏ,グロース（内国株式）,5250,情報・通信業,10,情報通信・サービスその他,-,-
20251130,3042,セキュアヴェイル,グロース（内国株式）,5250,情報・通信業,10,情報通信・サービスその他,-,-
20251130,304A,フォルシア,グロース（内国株式）,5250,情報・通信業,10,情報通信・サービスその他,-,-
20251130,3063,ジェイグループホールディングス,グロース（内国株式）,6100,小売業,14,小売,-,-
20251130,3070,ジェリービーンズグループ,グロース（内国株式）,6050,卸売業,13,商社・卸売,-,-
20251130,3133,海帆,グロース（内国株式）,6100,小売業,14,小売,-,-
20251130,3137,ファンデリー,グロース（内国株式）,6100,小売業,14,小売,-,-
20251130,3138,富士山マガジンサービス,グロース（内国株式）,6100,小売業,14,小売,-,-
20251130,3140,ＢＲＵＮＯ,グロース（内国株式）,6050,卸売業,13,商社・卸売,-,-
20251130,3185,夢展望,グロース（内国株式）,6100,小売業,14,小売,-,-
20251130,3187,ミラタップ,グロース（内国株式）,6100,小売業,14,小売,-,-
20251130,3195,ジェネレーションパス,グロース（内国株式）,6100,小売業,14,小売,-,-
20251130,319A,技術承継機構,グロース（内国株式）,3550,金属製品,3,建設・資材,-,-
20251130,3224,ゼネラル・オイスター,グロース（内国株式）,6100,小売業,14,小売,-,-
20251130,3237,イントランス,グロース（内国株式）,8050,不動産業,17,不動産,-,-
20251130,323A,フライヤー,グロース（内国株式）,5250,情報・通信業,10,情報通信・サービスその他,-,-
20251130,324A,ブッキングリゾート,グロース（内国株式）,9050,サービス業,10,情報通信・サービスその他,-,-
20251130,325A,ＴＥＮＴＩＡＬ,グロース（内国株式）,3100,繊維製品,4,素材・化学,-,-
20251130,3261,グランディーズ,グロース（内国株式）,8050,不動産業,17,不動産,-,-
20251130,3300,アンビション　ＤＸ　ホールディングス,グロース（内国株式）,8050,不動産業,17,不動産,-,-
20251130,330A,ＴａｌｅｎｔＸ,グロース（内国株式）,5250,情報・通信業,10,情報通信・サービスその他,-,-
20251130,332A,ミーク,グロース（内国株式）,5250,情報・通信業,10,情報通信・サービスその他,-,-
20251130,334A,ビジュアル・プロセッシング・ジャパン,グロース（内国株式）,5250,情報・通信業,10,情報通信・サービスその他,-,-
20251130,3359,ｃｏｔｔａ,グロース（内国株式）,6050,卸売業,13,商社・卸売,-,-
20251130,335A,ミライロ,グロース（内国株式）,5250,情報・通信業,10,情報通信・サービスその他,-,-
20251130,336A,ダイナミックマッププラットフォーム,グロース（内国株式）,5250,情報・通信業,10,情報通信・サービスその他,-,-
20251130,338A,ＺｅｎｍｕＴｅｃｈ,グロース（内国株式）,5250,情報・通信業,10,情報通信・サービスその他,-,-
20251130,339A,プログレス・テクノロジーズ　グループ,グロース（内国株式）,9050,サービス業,10,情報通信・サービスその他,-,-
20251130,340A,ジグザグ,グロース（内国株式）,5250,情報・通信業,10,情報通信・サービスその他,-,-
20251130,3416,ピクスタ,グロース（内国株式）,6100,小売業,14,小売,-,-
20251130,3418,バルニバービ,グロース（内国株式）,6100,小売業,14,小売,-,-
20251130,341A,トヨコー,グロース（内国株式）,2050,建設業,3,建設・資材,-,-
20251130,3474,Ｇ－ＦＡＣＴＯＲＹ,グロース（内国株式）,8050,不動産業,17,不動産,-,-
20251130,3477,フォーライフ,グロース（内国株式）,8050,不動産業,17,不動産,-,-
20251130,3479,ティーケーピー,グロース（内国株式）,8050,不動産業,17,不動産,-,-
20251130,3491,ＧＡ　ｔｅｃｈｎｏｌｏｇｉｅｓ,グロース（内国株式）,8050,不動産業,17,不動産,-,-
20251130,350A,デジタルグリッド,グロース（内国株式）,4050,電気・ガス業,11,電力・ガス,-,-
20251130,352A,ＬＯＩＶＥ,グロース（内国株式）,9050,サービス業,10,情報通信・サービスその他,-,-
20251130,3541,農業総合研究所,グロース（内国株式）,6050,卸売業,13,商社・卸売,-,-
20251130,3542,ベガコーポレーション,グロース（内国株式）,6100,小売業,14,小売,-,-
20251130,3550,スタジオアタオ,グロース（内国株式）,6100,小売業,14,小売,-,-
20251130,3556,リネットジャパングループ,グロース（内国株式）,6100,小売業,14,小売,-,-
20251130,3557,ユナイテッド＆コレクティブ,グロース（内国株式）,6100,小売業,14,小売,-,-
20251130,3558,ジェイドグループ,グロース（内国株式）,6100,小売業,14,小売,-,-
20251130,3566,ユニフォームネクスト,グロース（内国株式）,6100,小売業,14,小売,-,-
20251130,3622,ネットイヤーグループ,グロース（内国株式）,5250,情報・通信業,10,情報通信・サービスその他,-,-
20251130,3623,ビリングシステム,グロース（内国株式）,5250,情報・通信業,10,情報通信・サービスその他,-,-
20251130,3624,アクセルマーク,グロース（内国株式）,5250,情報・通信業,10,情報通信・サービスその他,-,-
20251130,3625,テックファームホールディングス,グロース（内国株式）,5250,情報・通信業,10,情報通信・サービスその他,-,-
20251130,3628,データホライゾン,グロース（内国株式）,5250,情報・通信業,10,情報通信・サービスその他,-,-
20251130,3645,メディカルネット,グロース（内国株式）,5250,情報・通信業,10,情報通信・サービスその他,-,-
20251130,3646,駅探,グロース（内国株式）,5250,情報・通信業,10,情報通信・サービスその他,-,-
20251130,3652,ディジタルメディアプロフェッショナル,グロース（内国株式）,5250,情報・通信業,10,情報通信・サービスその他,-,-
20251130,3653,モルフォ,グロース（内国株式）,5250,情報・通信業,10,情報通信・サービスその他,-,-
20251130,3664,モブキャストホールディングス,グロース（内国株式）,5250,情報・通信業,10,情報通信・サービスその他,-,-
20251130,366A,ウェルネス・コミュニケーションズ,グロース（内国株式）,9050,サービス業,10,情報通信・サービスその他,-,-
20251130,3671,ソフトマックス,グロース（内国株式）,5250,情報・通信業,10,情報通信・サービスその他,-,-
20251130,3674,オークファン,グロース（内国株式）,5250,情報・通信業,10,情報通信・サービスその他,-,-
20251130,3680,ホットリンク,グロース（内国株式）,5250,情報・通信業,10,情報通信・サービスその他,-,-
20251130,3691,デジタルプラス,グロース（内国株式）,5250,情報・通信業,10,情報通信・サービスその他,-,-
20251130,3692,ＦＦＲＩセキュリティ,グロース（内国株式）,5250,情報・通信業,10,情報通信・サービスその他,-,-
20251130,3695,ＧＭＯプロダクトプラットフォーム,グロース（内国株式）,5250,情報・通信業,10,情報通信・サービスその他,-,-
20251130,3698,ＣＲＩ・ミドルウェア,グロース（内国株式）,5250,情報・通信業,10,情報通信・サービスその他,-,-
20251130,369A,エータイ,グロース（内国株式）,9050,サービス業,10,情報通信・サービスその他,-,-
20251130,3723,日本ファルコム,グロース（内国株式）,5250,情報・通信業,10,情報通信・サービスその他,-,-
20251130,3727,アプリックス,グロース（内国株式）,5250,情報・通信業,10,情報通信・サービスその他,-,-
20251130,373A,リップス,グロース（内国株式）,3200,化学,4,素材・化学,-,-
20251130,3773,アドバンスト・メディア,グロース（内国株式）,5250,情報・通信業,10,情報通信・サービスその他,-,-
20251130,3777,環境フレンドリーホールディングス,グロース（内国株式）,5250,情報・通信業,10,情報通信・サービスその他,-,-
20251130,378A,ヒット,グロース（内国株式）,9050,サービス業,10,情報通信・サービスその他,-,-
20251130,3793,ドリコム,グロース（内国株式）,5250,情報・通信業,10,情報通信・サービスその他,-,-
20251130,3803,イメージ情報開発,グロース（内国株式）,5250,情報・通信業,10,情報通信・サービスその他,-,-
20251130,3807,フィスコ,グロース（内国株式）,5250,情報・通信業,10,情報通信・サービスその他,-,-
20251130,3815,メディア工房,グロース（内国株式）,5250,情報・通信業,10,情報通信・サービスその他,-,-
20251130,387A,フラー,グロース（内国株式）,5250,情報・通信業,10,情報通信・サービスその他,-,-
20251130,3900,クラウドワークス,グロース（内国株式）,5250,情報・通信業,10,情報通信・サービスその他,-,-
20251130,3904,カヤック,グロース（内国株式）,5250,情報・通信業,10,情報通信・サービスその他,-,-
20251130,3905,データセクション,グロース（内国株式）,5250,情報・通信業,10,情報通信・サービスその他,-,-
20251130,3907,シリコンスタジオ,グロース（内国株式）,5250,情報・通信業,10,情報通信・サービスその他,-,-
20251130,3908,コラボス,グロース（内国株式）,5250,情報・通信業,10,情報通信・サービスその他,-,-
20251130,3911,Ａｉｍｉｎｇ,グロース（内国株式）,5250,情報・通信業,10,情報通信・サービスその他,-,-
20251130,3913,ＧｒｅｅｎＢｅｅ,グロース（内国株式）,5250,情報・通信業,10,情報通信・サービスその他,-,-
20251130,3914,ＪＩＧ－ＳＡＷ,グロース（内国株式）,5250,情報・通信業,10,情報通信・サービスその他,-,-
20251130,3917,アイリッジ,グロース（内国株式）,5250,情報・通信業,10,情報通信・サービスその他,-,-
20251130,3927,フーバーブレイン,グロース（内国株式）,5250,情報・通信業,10,情報通信・サービスその他,-,-
20251130,3929,ソーシャルワイヤー,グロース（内国株式）,5250,情報・通信業,10,情報通信・サービスその他,-,-
20251130,3930,はてな,グロース（内国株式）,5250,情報・通信業,10,情報通信・サービスその他,-,-
20251130,3931,バリューゴルフ,グロース（内国株式）,5250,情報・通信業,10,情報通信・サービスその他,-,-
20251130,3936,グローバルウェイ,グロース（内国株式）,5250,情報・通信業,10,情報通信・サービスその他,-,-
20251130,3961,シルバーエッグ・テクノロジー,グロース（内国株式）,5250,情報・通信業,10,情報通信・サービスその他,-,-
20251130,3967,エルテス,グロース（内国株式）,5250,情報・通信業,10,情報通信・サービスその他,-,-
20251130,3970,イノベーション,グロース（内国株式）,5250,情報・通信業,10,情報通信・サービスその他,-,-
20251130,3976,シャノン,グロース（内国株式）,5250,情報・通信業,10,情報通信・サービスその他,-,-
20251130,3979,うるる,グロース（内国株式）,5250,情報・通信業,10,情報通信・サービスその他,-,-
20251130,3986,ビーブレイクシステムズ,グロース（内国株式）,5250,情報・通信業,10,情報通信・サービスその他,-,-
20251130,3987,エコモット,グロース（内国株式）,5250,情報・通信業,10,情報通信・サービスその他,-,-
20251130,3989,シェアリングテクノロジー,グロース（内国株式）,5250,情報・通信業,10,情報通信・サービスその他,-,-
20251130,3991,ウォンテッドリー,グロース（内国株式）,5250,情報・通信業,10,情報通信・サービスその他,-,-
20251130,3998,すららネット,グロース（内国株式）,5250,情報・通信業,10,情報通信・サービスその他,-,-
20251130,4011,ヘッドウォータース,グロース（内国株式）,5250,情報・通信業,10,情報通信・サービスその他,-,-
20251130,4013,勤次郎,グロース（内国株式）,5250,情報・通信業,10,情報通信・サービスその他,-,-
20251130,4014,カラダノート,グロース（内国株式）,5250,情報・通信業,10,情報通信・サービスその他,-,-
20251130,4015,ペイクラウドホールディングス,グロース（内国株式）,5250,情報・通信業,10,情報通信・サービスその他,-,-
20251130,4017,クリーマ,グロース（内国株式）,5250,情報・通信業,10,情報通信・サービスその他,-,-
20251130,4019,スタメン,グロース（内国株式）,5250,情報・通信業,10,情報通信・サービスその他,-,-
20251130,4020,ビートレンド,グロース（内国株式）,5250,情報・通信業,10,情報通信・サービスその他,-,-
20251130,402A,アクセルスペースホールディングス,グロース（内国株式）,3700,輸送用機器,6,自動車・輸送機,-,-
20251130,4052,フィーチャ,グロース（内国株式）,5250,情報・通信業,10,情報通信・サービスその他,-,-
20251130,4054,日本情報クリエイト,グロース（内国株式）,5250,情報・通信業,10,情報通信・サービスその他,-,-
20251130,4055,ティアンドエスグループ,グロース（内国株式）,5250,情報・通信業,10,情報通信・サービスその他,-,-
20251130,4056,ニューラルグループ,グロース（内国株式）,5250,情報・通信業,10,情報通信・サービスその他,-,-
20251130,4057,インターファクトリー,グロース（内国株式）,5250,情報・通信業,10,情報通信・サービスその他,-,-
20251130,4058,トヨクモ,グロース（内国株式）,5250,情報・通信業,10,情報通信・サービスその他,-,-
20251130,4060,ｒａｋｕｍｏ,グロース（内国株式）,5250,情報・通信業,10,情報通信・サービスその他,-,-
20251130,4068,ベイシス,グロース（内国株式）,5250,情報・通信業,10,情報通信・サービスその他,-,-
20251130,4069,ＢｌｕｅＭｅｍｅ,グロース（内国株式）,5250,情報・通信業,10,情報通信・サービスその他,-,-
20251130,4073,ジィ・シィ企画,グロース（内国株式）,5250,情報・通信業,10,情報通信・サービスその他,-,-
20251130,4074,ラキール,グロース（内国株式）,5250,情報・通信業,10,情報通信・サービスその他,-,-
20251130,4075,ブレインズテクノロジー,グロース（内国株式）,5250,情報・通信業,10,情報通信・サービスその他,-,-
20251130,4076,シイエヌエス,グロース（内国株式）,5250,情報・通信業,10,情報通信・サービスその他,-,-
20251130,410A,ＧＭＯコマース,グロース（内国株式）,9050,サービス業,10,情報通信・サービスその他,-,-
20251130,414A,オーバーラップホールディングス,グロース（内国株式）,5250,情報・通信業,10,情報通信・サービスその他,-,-
20251130,415A,ＧＭＯ　ＴＥＣＨホールディングス,グロース（内国株式）,9050,サービス業,10,情報通信・サービスその他,-,-
20251130,4165,プレイド,グロース（内国株式）,5250,情報・通信業,10,情報通信・サービスその他,-,-
20251130,4166,かっこ,グロース（内国株式）,5250,情報・通信業,10,情報通信・サービスその他,-,-
20251130,4167,ココペリ,グロース（内国株式）,5250,情報・通信業,10,情報通信・サービスその他,-,-
20251130,4168,ヤプリ,グロース（内国株式）,5250,情報・通信業,10,情報通信・サービスその他,-,-
20251130,4169,ＥＮＥＣＨＡＮＧＥ,グロース（内国株式）,5250,情報・通信業,10,情報通信・サービスその他,-,-
20251130,4170,Ｋａｉｚｅｎ　Ｐｌａｔｆｏｒｍ,グロース（内国株式）,5250,情報・通信業,10,情報通信・サービスその他,-,-
20251130,4175,ｃｏｌｙ,グロース（内国株式）,5250,情報・通信業,10,情報通信・サービスその他,-,-
20251130,4176,ココナラ,グロース（内国株式）,5250,情報・通信業,10,情報通信・サービスその他,-,-
20251130,4177,ｉ‐ｐｌｕｇ,グロース（内国株式）,5250,情報・通信業,10,情報通信・サービスその他,-,-
20251130,4178,Ｓｈａｒｉｎｇ　Ｉｎｎｏｖａｔｉｏｎｓ,グロース（内国株式）,5250,情報・通信業,10,情報通信・サービスその他,-,-
20251130,4179,ジーネクスト,グロース（内国株式）,5250,情報・通信業,10,情報通信・サービスその他,-,-
20251130,4192,スパイダープラス,グロース（内国株式）,5250,情報・通信業,10,情報通信・サービスその他,-,-
20251130,4199,ワンダープラネット,グロース（内国株式）,5250,情報・通信業,10,情報通信・サービスその他,-,-
20251130,421A,ムービン・ストラテジック・キャリア,グロース（内国株式）,9050,サービス業,10,情報通信・サービスその他,-,-
20251130,4240,クラスターテクノロジー,グロース（内国株式）,3200,化学,4,素材・化学,-,-
20251130,4255,ＴＨＥＣＯＯ,グロース（内国株式）,5250,情報・通信業,10,情報通信・サービスその他,-,-
20251130,4256,サインド,グロース（内国株式）,5250,情報・通信業,10,情報通信・サービスその他,-,-
20251130,4258,網屋,グロース（内国株式）,5250,情報・通信業,10,情報通信・サービスその他,-,-
20251130,4259,エクサウィザーズ,グロース（内国株式）,5250,情報・通信業,10,情報通信・サービスその他,-,-
20251130,4260,ハイブリッドテクノロジーズ,グロース（内国株式）,5250,情報・通信業,10,情報通信・サービスその他,-,-
20251130,4261,アジアクエスト,グロース（内国株式）,5250,情報・通信業,10,情報通信・サービスその他,-,-
20251130,4262,ニフティライフスタイル,グロース（内国株式）,5250,情報・通信業,10,情報通信・サービスその他,-,-
20251130,4263,サスメド,グロース（内国株式）,5250,情報・通信業,10,情報通信・サービスその他,-,-
20251130,4264,セキュア,グロース（内国株式）,5250,情報・通信業,10,情報通信・サービスその他,-,-
20251130,4265,Ｉｎｓｔｉｔｕｔｉｏｎ　ｆｏｒ　ａ　Ｇｌｏｂａｌ　Ｓｏｃｉｅｔｙ,グロース（内国株式）,5250,情報・通信業,10,情報通信・サービスその他,-,-
20251130,4270,ＢｅｅＸ,グロース（内国株式）,5250,情報・通信業,10,情報通信・サービスその他,-,-
20251130,4308,Ｊストリーム,グロース（内国株式）,5250,情報・通信業,10,情報通信・サービスその他,-,-
20251130,4316,ビーマップ,グロース（内国株式）,5250,情報・通信業,10,情報通信・サービスその他,-,-
20251130,431A,ユーソナー,グロース（内国株式）,5250,情報・通信業,10,情報通信・サービスその他,-,-
20251130,436A,サイバーソリューションズ,グロース（内国株式）,5250,情報・通信業,10,情報通信・サービスその他,-,-
20251130,4370,モビルス,グロース（内国株式）,5250,情報・通信業,10,情報通信・サービスその他,-,-
20251130,4371,コアコンセプト・テクノロジー,グロース（内国株式）,5250,情報・通信業,10,情報通信・サービスその他,-,-
20251130,4372,ユミルリンク,グロース（内国株式）,5250,情報・通信業,10,情報通信・サービスその他,-,-
20251130,4374,ＲＯＢＯＴ　ＰＡＹＭＥＮＴ,グロース（内国株式）,5250,情報・通信業,10,情報通信・サービスその他,-,-
20251130,4375,セーフィー,グロース（内国株式）,5250,情報・通信業,10,情報通信・サービスその他,-,-
20251130,4376,くふうカンパニーホールディングス,グロース（内国株式）,5250,情報・通信業,10,情報通信・サービスその他,-,-
20251130,4377,ワンキャリア,グロース（内国株式）,5250,情報・通信業,10,情報通信・サービスその他,-,-
20251130,4378,ＣＩＮＣ,グロース（内国株式）,5250,情報・通信業,10,情報通信・サービスその他,-,-
20251130,4379,Ｐｈｏｔｏｓｙｎｔｈ,グロース（内国株式）,5250,情報・通信業,10,情報通信・サービスその他,-,-
20251130,4380,Ｍマート,グロース（内国株式）,5250,情報・通信業,10,情報通信・サービスその他,-,-
20251130,4381,ビープラッツ,グロース（内国株式）,5250,情報・通信業,10,情報通信・サービスその他,-,-
20251130,4387,ＺＵＵ,グロース（内国株式）,5250,情報・通信業,10,情報通信・サービスその他,-,-
20251130,4388,エーアイ,グロース（内国株式）,5250,情報・通信業,10,情報通信・サービスその他,-,-
20251130,4389,プロパティデータバンク,グロース（内国株式）,5250,情報・通信業,10,情報通信・サービスその他,-,-
20251130,438A,インフキュリオン,グロース（内国株式）,5250,情報・通信業,10,情報通信・サービスその他,-,-
20251130,4391,ロジザード,グロース（内国株式）,5250,情報・通信業,10,情報通信・サービスその他,-,-
20251130,4393,バンク・オブ・イノベーション,グロース（内国株式）,5250,情報・通信業,10,情報通信・サービスその他,-,-
20251130,4394,エクスモーション,グロース（内国株式）,5250,情報・通信業,10,情報通信・サービスその他,-,-
20251130,4395,アクリート,グロース（内国株式）,5250,情報・通信業,10,情報通信・サービスその他,-,-
20251130,4397,チームスピリット,グロース（内国株式）,5250,情報・通信業,10,情報通信・サービスその他,-,-
20251130,4412,サイエンスアーツ,グロース（内国株式）,5250,情報・通信業,10,情報通信・サービスその他,-,-
20251130,4414,フレクト,グロース（内国株式）,5250,情報・通信業,10,情報通信・サービスその他,-,-
20251130,4415,ブロードエンタープライズ,グロース（内国株式）,5250,情報・通信業,10,情報通信・サービスその他,-,-
20251130,4416,Ｔｒｕｅ　Ｄａｔａ,グロース（内国株式）,5250,情報・通信業,10,情報通信・サービスその他,-,-
20251130,4417,グローバルセキュリティエキスパート,グロース（内国株式）,5250,情報・通信業,10,情報通信・サービスその他,-,-
20251130,4418,ＪＤＳＣ,グロース（内国株式）,5250,情報・通信業,10,情報通信・サービスその他,-,-
20251130,4419,Ｆｉｎａｔｅｘｔホールディングス,グロース（内国株式）,5250,情報・通信業,10,情報通信・サービスその他,-,-
20251130,441A,ＮＥ,グロース（内国株式）,5250,情報・通信業,10,情報通信・サービスその他,7,TOPIX Small 2
20251130,4422,ＶＡＬＵＥＮＥＸ,グロース（内国株式）,5250,情報・通信業,10,情報通信・サービスその他,-,-
20251130,4424,Ａｍａｚｉａ,グロース（内国株式）,5250,情報・通信業,10,情報通信・サービスその他,-,-
20251130,4425,Ｋｕｄａｎ,グロース（内国株式）,5250,情報・通信業,10,情報通信・サービスその他,-,-
20251130,4427,ＥｄｕＬａｂ,グロース（内国株式）,5250,情報・通信業,10,情報通信・サービスその他,-,-
20251130,4428,シノプス,グロース（内国株式）,5250,情報・通信業,10,情報通信・サービスその他,-,-
20251130,4429,リックソフト,グロース（内国株式）,5250,情報・通信業,10,情報通信・サービスその他,-,-
20251130,442A,クラシコ,グロース（内国株式）,3100,繊維製品,4,素材・化学,-,-
20251130,4431,スマレジ,グロース（内国株式）,5250,情報・通信業,10,情報通信・サービスその他,-,-
20251130,4436,ミンカブ・ジ・インフォノイド,グロース（内国株式）,5250,情報・通信業,10,情報通信・サービスその他,-,-
20251130,4437,ｇｏｏｄｄａｙｓホールディングス,グロース（内国株式）,5250,情報・通信業,10,情報通信・サービスその他,-,-
20251130,4438,Ｗｅｌｂｙ,グロース（内国株式）,5250,情報・通信業,10,情報通信・サービスその他,-,-
20251130,4442,バルテス・ホールディングス,グロース（内国株式）,5250,情報・通信業,10,情報通信・サービスその他,-,-
20251130,4444,インフォネット,グロース（内国株式）,5250,情報・通信業,10,情報通信・サービスその他,-,-
20251130,4445,リビン・テクノロジーズ,グロース（内国株式）,5250,情報・通信業,10,情報通信・サービスその他,-,-
20251130,4447,ピー・ビーシステムズ,グロース（内国株式）,5250,情報・通信業,10,情報通信・サービスその他,-,-
20251130,4448,ｋｕｂｅｌｌ,グロース（内国株式）,5250,情報・通信業,10,情報通信・サービスその他,-,-
20251130,4450,パワーソリューションズ,グロース（内国株式）,5250,情報・通信業,10,情報通信・サービスその他,-,-
20251130,446A,ノースサンド,グロース（内国株式）,9050,サービス業,10,情報通信・サービスその他,-,-
20251130,4475,ＨＥＮＮＧＥ,グロース（内国株式）,5250,情報・通信業,10,情報通信・サービスその他,-,-
20251130,4476,ＡＩ　ＣＲＯＳＳ,グロース（内国株式）,5250,情報・通信業,10,情報通信・サービスその他,-,-
20251130,4477,ＢＡＳＥ,グロース（内国株式）,5250,情報・通信業,10,情報通信・サービスその他,-,-
20251130,4478,フリー,グロース（内国株式）,5250,情報・通信業,10,情報通信・サービスその他,-,-
20251130,4479,マクアケ,グロース（内国株式）,5250,情報・通信業,10,情報通信・サービスその他,-,-
20251130,4482,ウィルズ,グロース（内国株式）,5250,情報・通信業,10,情報通信・サービスその他,-,-
20251130,4484,ランサーズ,グロース（内国株式）,5250,情報・通信業,10,情報通信・サービスその他,-,-
20251130,4486,ユナイトアンドグロウ,グロース（内国株式）,5250,情報・通信業,10,情報通信・サービスその他,-,-
20251130,4487,スペースマーケット,グロース（内国株式）,5250,情報・通信業,10,情報通信・サービスその他,-,-
20251130,4488,ＡＩ　ｉｎｓｉｄｅ,グロース（内国株式）,5250,情報・通信業,10,情報通信・サービスその他,-,-
20251130,4490,ビザスク,グロース（内国株式）,5250,情報・通信業,10,情報通信・サービスその他,-,-
20251130,4493,サイバーセキュリティクラウド,グロース（内国株式）,5250,情報・通信業,10,情報通信・サービスその他,-,-
20251130,4495,アイキューブドシステムズ,グロース（内国株式）,5250,情報・通信業,10,情報通信・サービスその他,-,-
20251130,4496,コマースＯｎｅホールディングス,グロース（内国株式）,5250,情報・通信業,10,情報通信・サービスその他,-,-
20251130,4498,サイバートラスト,グロース（内国株式）,5250,情報・通信業,10,情報通信・サービスその他,-,-
20251130,4563,アンジェス,グロース（内国株式）,3250,医薬品,5,医薬品,-,-
20251130,4564,オンコセラピー・サイエンス,グロース（内国株式）,3250,医薬品,5,医薬品,-,-
20251130,456A,ＨＵＭＡＮ　ＭＡＤＥ,グロース（内国株式）,6100,小売業,14,小売,-,-
20251130,4570,免疫生物研究所,グロース（内国株式）,3250,医薬品,5,医薬品,-,-
20251130,4571,ＮＡＮＯ　ＭＲＮＡ,グロース（内国株式）,3250,医薬品,5,医薬品,-,-
20251130,4572,カルナバイオサイエンス,グロース（内国株式）,3250,医薬品,5,医薬品,-,-
20251130,4575,キャンバス,グロース（内国株式）,3250,医薬品,5,医薬品,-,-
20251130,4576,デ・ウエスタン・セラピテクス研究所,グロース（内国株式）,3250,医薬品,5,医薬品,-,-
20251130,4579,ラクオリア創薬,グロース（内国株式）,3250,医薬品,5,医薬品,-,-
20251130,4582,シンバイオ製薬,グロース（内国株式）,3250,医薬品,5,医薬品,-,-
20251130,4583,カイオム・バイオサイエンス,グロース（内国株式）,3250,医薬品,5,医薬品,-,-
20251130,4584,キッズウェル・バイオ,グロース（内国株式）,3250,医薬品,5,医薬品,-,-
20251130,4586,メドレックス,グロース（内国株式）,3250,医薬品,5,医薬品,-,-
20251130,4588,オンコリスバイオファーマ,グロース（内国株式）,3250,医薬品,5,医薬品,-,-
20251130,4591,リボミック,グロース（内国株式）,3250,医薬品,5,医薬品,-,-
20251130,4592,サンバイオ,グロース（内国株式）,3250,医薬品,5,医薬品,-,-
20251130,4593,ヘリオス,グロース（内国株式）,3250,医薬品,5,医薬品,-,-
20251130,4594,ブライトパス・バイオ,グロース（内国株式）,3250,医薬品,5,医薬品,-,-
20251130,4596,窪田製薬ホールディングス,グロース（内国株式）,3250,医薬品,5,医薬品,-,-
20251130,4597,ソレイジア・ファーマ,グロース（内国株式）,3250,医薬品,5,医薬品,-,-
20251130,4598,Ｄｅｌｔａ－Ｆｌｙ　Ｐｈａｒｍａ,グロース（内国株式）,3250,医薬品,5,医薬品,-,-
20251130,4599,ステムリム,グロース（内国株式）,3250,医薬品,5,医薬品,-,-
20251130,4772,ＳＭ　ＥＮＴＥＲＴＡＩＮＭＥＮＴ　ＪＡＰＡＮ,グロース（内国株式）,5250,情報・通信業,10,情報通信・サービスその他,-,-
20251130,4811,ドリーム・アーツ,グロース（内国株式）,5250,情報・通信業,10,情報通信・サービスその他,-,-
20251130,4833,Ｄｅｆ　ｃｏｎｓｕｌｔｉｎｇ,グロース（内国株式）,9050,サービス業,10,情報通信・サービスその他,-,-
20251130,4840,トライアイズ,グロース（内国株式）,9050,サービス業,10,情報通信・サービスその他,-,-
20251130,4881,ファンペップ,グロース（内国株式）,3250,医薬品,5,医薬品,-,-
20251130,4882,ペルセウスプロテオミクス,グロース（内国株式）,3250,医薬品,5,医薬品,-,-
20251130,4883,モダリス,グロース（内国株式）,3250,医薬品,5,医薬品,-,-
20251130,4884,クリングルファーマ,グロース（内国株式）,3250,医薬品,5,医薬品,-,-
20251130,4888,ステラファーマ,グロース（内国株式）,3250,医薬品,5,医薬品,-,-
20251130,4889,レナサイエンス,グロース（内国株式）,3250,医薬品,5,医薬品,-,-
20251130,4890,坪田ラボ,グロース（内国株式）,3250,医薬品,5,医薬品,-,-
20251130,4891,ティムス,グロース（内国株式）,3250,医薬品,5,医薬品,-,-
20251130,4892,サイフューズ,グロース（内国株式）,3250,医薬品,5,医薬品,-,-
20251130,4893,ノイルイミューン・バイオテック,グロース（内国株式）,3250,医薬品,5,医薬品,-,-
20251130,4894,クオリプス,グロース（内国株式）,3250,医薬品,5,医薬品,-,-
20251130,4896,ケイファーマ,グロース（内国株式）,3250,医薬品,5,医薬品,-,-
20251130,4934,プレミアアンチエイジング,グロース（内国株式）,3200,化学,4,素材・化学,-,-
20251130,4937,Ｗａｑｏｏ,グロース（内国株式）,3200,化学,4,素材・化学,-,-
20251130,4978,リプロセル,グロース（内国株式）,3200,化学,4,素材・化学,-,-
20251130,5025,マーキュリー,グロース（内国株式）,5250,情報・通信業,10,情報通信・サービスその他,-,-
20251130,5026,トリプルアイズ,グロース（内国株式）,5250,情報・通信業,10,情報通信・サービスその他,-,-
20251130,5027,ＡｎｙＭｉｎｄ　Ｇｒｏｕｐ,グロース（内国株式）,5250,情報・通信業,10,情報通信・サービスその他,-,-
20251130,5028,セカンドサイトアナリティカ,グロース（内国株式）,5250,情報・通信業,10,情報通信・サービスその他,-,-
20251130,5029,サークレイス,グロース（内国株式）,5250,情報・通信業,10,情報通信・サービスその他,-,-
20251130,5031,モイ,グロース（内国株式）,5250,情報・通信業,10,情報通信・サービスその他,-,-
20251130,5033,ヌーラボ,グロース（内国株式）,5250,情報・通信業,10,情報通信・サービスその他,-,-
20251130,5034,ｕｎｅｒｒｙ,グロース（内国株式）,5250,情報・通信業,10,情報通信・サービスその他,-,-
20251130,5035,ＨＯＵＳＥＩ,グロース（内国株式）,5250,情報・通信業,10,情報通信・サービスその他,-,-
20251130,5038,ｅＷｅＬＬ,グロース（内国株式）,5250,情報・通信業,10,情報通信・サービスその他,-,-
20251130,5070,ドラフト,グロース（内国株式）,2050,建設業,3,建設・資材,-,-
20251130,5125,ファインズ,グロース（内国株式）,5250,情報・通信業,10,情報通信・サービスその他,-,-
20251130,5126,ポーターズ,グロース（内国株式）,5250,情報・通信業,10,情報通信・サービスその他,-,-
20251130,5129,ＦＩＸＥＲ,グロース（内国株式）,5250,情報・通信業,10,情報通信・サービスその他,-,-
20251130,5131,リンカーズ,グロース（内国株式）,5250,情報・通信業,10,情報通信・サービスその他,-,-
20251130,5132,ｐｌｕｓｚｅｒｏ,グロース（内国株式）,5250,情報・通信業,10,情報通信・サービスその他,-,-
20251130,5134,ＰＯＰＥＲ,グロース（内国株式）,5250,情報・通信業,10,情報通信・サービスその他,-,-
20251130,5136,ｔｒｉｐｌａ,グロース（内国株式）,5250,情報・通信業,10,情報通信・サービスその他,-,-
20251130,5137,スマートドライブ,グロース（内国株式）,5250,情報・通信業,10,情報通信・サービスその他,-,-
20251130,5138,Ｒｅｂａｓｅ,グロース（内国株式）,5250,情報・通信業,10,情報通信・サービスその他,-,-
20251130,5139,オープンワーク,グロース（内国株式）,5250,情報・通信業,10,情報通信・サービスその他,-,-
20251130,5240,ｍｏｎｏＡＩ　ｔｅｃｈｎｏｌｏｇｙ,グロース（内国株式）,5250,情報・通信業,10,情報通信・サービスその他,-,-
20251130,5242,アイズ,グロース（内国株式）,5250,情報・通信業,10,情報通信・サービスその他,-,-
20251130,5243,ｎｏｔｅ,グロース（内国株式）,5250,情報・通信業,10,情報通信・サービスその他,-,-
20251130,5244,ｊｉｇ．ｊｐ,グロース（内国株式）,5250,情報・通信業,10,情報通信・サービスその他,-,-
20251130,5246,ＥＬＥＭＥＮＴＳ,グロース（内国株式）,5250,情報・通信業,10,情報通信・サービスその他,-,-
20251130,5247,ＢＴＭ,グロース（内国株式）,5250,情報・通信業,10,情報通信・サービスその他,-,-
20251130,5248,テクノロジーズ,グロース（内国株式）,5250,情報・通信業,10,情報通信・サービスその他,-,-
20251130,5252,日本ナレッジ,グロース（内国株式）,5250,情報・通信業,10,情報通信・サービスその他,-,-
20251130,5253,カバー,グロース（内国株式）,5250,情報・通信業,10,情報通信・サービスその他,-,-
20251130,5254,Ａｒｅｎｔ,グロース（内国株式）,5250,情報・通信業,10,情報通信・サービスその他,-,-
20251130,5255,モンスターラボ,グロース（内国株式）,5250,情報・通信業,10,情報通信・サービスその他,-,-
20251130,5256,Ｆｕｓｉｃ,グロース（内国株式）,5250,情報・通信業,10,情報通信・サービスその他,-,-
20251130,5258,トランザクション・メディア・ネットワークス,グロース（内国株式）,5250,情報・通信業,10,情報通信・サービスその他,-,-
20251130,5259,ＢＢＤイニシアティブ,グロース（内国株式）,5250,情報・通信業,10,情報通信・サービスその他,-,-
20251130,5527,ｐｒｏｐｅｒｔｙ　ｔｅｃｈｎｏｌｏｇｉｅｓ,グロース（内国株式）,8050,不動産業,17,不動産,-,-
20251130,5532,リアルゲイト,グロース（内国株式）,8050,不動産業,17,不動産,-,-
20251130,5570,ジェノバ,グロース（内国株式）,5250,情報・通信業,10,情報通信・サービスその他,-,-
20251130,5572,Ｒｉｄｇｅ－ｉ,グロース（内国株式）,5250,情報・通信業,10,情報通信・サービスその他,-,-
20251130,5574,ＡＢＥＪＡ,グロース（内国株式）,5250,情報・通信業,10,情報通信・サービスその他,-,-
20251130,5575,Ｇｌｏｂｅｅ,グロース（内国株式）,5250,情報・通信業,10,情報通信・サービスその他,-,-
20251130,5578,ＡＲアドバンストテクノロジ,グロース（内国株式）,5250,情報・通信業,10,情報通信・サービスその他,-,-
20251130,5580,プロディライト,グロース（内国株式）,5250,情報・通信業,10,情報通信・サービスその他,-,-
20251130,5582,グリッド,グロース（内国株式）,5250,情報・通信業,10,情報通信・サービスその他,-,-
20251130,5586,Ｌａｂｏｒｏ．ＡＩ,グロース（内国株式）,5250,情報・通信業,10,情報通信・サービスその他,-,-
20251130,5587,インバウンドプラットフォーム,グロース（内国株式）,5250,情報・通信業,10,情報通信・サービスその他,-,-
20251130,5588,ファーストアカウンティング,グロース（内国株式）,5250,情報・通信業,10,情報通信・サービスその他,-,-
20251130,5590,ネットスターズ,グロース（内国株式）,5250,情報・通信業,10,情報通信・サービスその他,-,-
20251130,5591,ＡＶＩＬＥＮ,グロース（内国株式）,5250,情報・通信業,10,情報通信・サービスその他,-,-
20251130,5592,くすりの窓口,グロース（内国株式）,5250,情報・通信業,10,情報通信・サービスその他,-,-
20251130,5596,アウトルックコンサルティング,グロース（内国株式）,5250,情報・通信業,10,情報通信・サービスその他,-,-
20251130,5597,ブルーイノベーション,グロース（内国株式）,5250,情報・通信業,10,情報通信・サービスその他,-,-
20251130,5599,Ｓ＆Ｊ,グロース（内国株式）,5250,情報・通信業,10,情報通信・サービスその他,-,-
20251130,5616,雨風太陽,グロース（内国株式）,5250,情報・通信業,10,情報通信・サービスその他,-,-
20251130,5618,ナイル,グロース（内国株式）,5250,情報・通信業,10,情報通信・サービスその他,-,-
20251130,5619,マーソ,グロース（内国株式）,5250,情報・通信業,10,情報通信・サービスその他,-,-
20251130,5621,ヒューマンテクノロジーズ,グロース（内国株式）,5250,情報・通信業,10,情報通信・サービスその他,-,-
20251130,5704,ＪＭＣ,グロース（内国株式）,3500,非鉄金属,7,鉄鋼・非鉄,-,-
20251130,5834,ＳＢＩリーシングサービス,グロース（内国株式）,7100,証券、商品先物取引業,16,金融（除く銀行）,-,-
20251130,5842,インテグラル,グロース（内国株式）,7100,証券、商品先物取引業,16,金融（除く銀行）,-,-
20251130,5858,ＳＴＧ,グロース（内国株式）,3500,非鉄金属,7,鉄鋼・非鉄,-,-
20251130,5867,エスネットワークス,グロース（内国株式）,9050,サービス業,10,情報通信・サービスその他,-,-
20251130,5870,ナルネットコミュニケーションズ,グロース（内国株式）,9050,サービス業,10,情報通信・サービスその他,-,-
20251130,5884,クラダシ,グロース（内国株式）,6100,小売業,14,小売,-,-
20251130,5888,ＤＡＩＷＡ　ＣＹＣＬＥ,グロース（内国株式）,6100,小売業,14,小売,-,-
20251130,5892,ｙｕｔｏｒｉ,グロース（内国株式）,6100,小売業,14,小売,-,-
20251130,6027,弁護士ドットコム,グロース（内国株式）,9050,サービス業,10,情報通信・サービスその他,-,-
20251130,6030,アドベンチャー,グロース（内国株式）,9050,サービス業,10,情報通信・サービスその他,-,-
20251130,6031,ＺＥＴＡ,グロース（内国株式）,9050,サービス業,10,情報通信・サービスその他,-,-
20251130,6033,エクストリーム,グロース（内国株式）,9050,サービス業,10,情報通信・サービスその他,-,-
20251130,6034,ＭＲＴ,グロース（内国株式）,9050,サービス業,10,情報通信・サービスその他,-,-
20251130,6038,イード,グロース（内国株式）,9050,サービス業,10,情報通信・サービスその他,-,-
20251130,6039,日本動物高度医療センター,グロース（内国株式）,9050,サービス業,10,情報通信・サービスその他,-,-
20251130,6040,日本スキー場開発,グロース（内国株式）,9050,サービス業,10,情報通信・サービスその他,-,-
20251130,6045,レントラックス,グロース（内国株式）,9050,サービス業,10,情報通信・サービスその他,-,-
20251130,6046,リンクバル,グロース（内国株式）,9050,サービス業,10,情報通信・サービスその他,-,-
20251130,6049,イトクロ,グロース（内国株式）,9050,サービス業,10,情報通信・サービスその他,-,-
20251130,6069,トレンダーズ,グロース（内国株式）,9050,サービス業,10,情報通信・サービスその他,-,-
20251130,6072,地盤ネットホールディングス,グロース（内国株式）,9050,サービス業,10,情報通信・サービスその他,-,-
20251130,6081,アライドアーキテクツ,グロース（内国株式）,9050,サービス業,10,情報通信・サービスその他,-,-
20251130,6085,アーキテクツ・スタジオ・ジャパン,グロース（内国株式）,9050,サービス業,10,情報通信・サービスその他,-,-
20251130,6086,シンメンテホールディングス,グロース（内国株式）,9050,サービス業,10,情報通信・サービスその他,-,-
20251130,6094,フリークアウト・ホールディングス,グロース（内国株式）,9050,サービス業,10,情報通信・サービスその他,-,-
20251130,6166,中村超硬,グロース（内国株式）,3600,機械,8,機械,-,-
20251130,6173,アクアライン,グロース（内国株式）,9050,サービス業,10,情報通信・サービスその他,-,-
20251130,6177,ＡｐｐＢａｎｋ,グロース（内国株式）,9050,サービス業,10,情報通信・サービスその他,-,-
20251130,6180,ＧＭＯメディア,グロース（内国株式）,9050,サービス業,10,情報通信・サービスその他,-,-
20251130,6181,タメニー,グロース（内国株式）,9050,サービス業,10,情報通信・サービスその他,-,-
20251130,6182,メタリアル,グロース（内国株式）,9050,サービス業,10,情報通信・サービスその他,-,-
20251130,6190,フェニックスバイオ,グロース（内国株式）,9050,サービス業,10,情報通信・サービスその他,-,-
20251130,6193,バーチャレクス・ホールディングス,グロース（内国株式）,9050,サービス業,10,情報通信・サービスその他,-,-
20251130,6195,ホープ,グロース（内国株式）,9050,サービス業,10,情報通信・サービスその他,-,-
20251130,6198,キャリア,グロース（内国株式）,9050,サービス業,10,情報通信・サービスその他,-,-
20251130,6224,ＪＲＣ,グロース（内国株式）,3600,機械,8,機械,-,-
20251130,6232,ＡＣＳＬ,グロース（内国株式）,3600,機械,8,機械,-,-
20251130,6255,エヌ・ピー・シー,グロース（内国株式）,3600,機械,8,機械,-,-
20251130,6521,オキサイド,グロース（内国株式）,3650,電気機器,9,電機・精密,-,-
20251130,6522,アスタリスク,グロース（内国株式）,3650,電気機器,9,電機・精密,-,-
20251130,6537,ＷＡＳＨハウス,グロース（内国株式）,9050,サービス業,10,情報通信・サービスその他,-,-
20251130,6545,インターネットインフィニティー,グロース（内国株式）,9050,サービス業,10,情報通信・サービスその他,-,-
20251130,6548,旅工房,グロース（内国株式）,9050,サービス業,10,情報通信・サービスその他,-,-
20251130,6554,エスユーエス,グロース（内国株式）,9050,サービス業,10,情報通信・サービスその他,-,-
20251130,6557,ＡＩＡＩグループ,グロース（内国株式）,9050,サービス業,10,情報通信・サービスその他,-,-
20251130,6558,クックビズ,グロース（内国株式）,9050,サービス業,10,情報通信・サービスその他,-,-
20251130,6561,ＨＡＮＡＴＯＵＲ　ＪＡＰＡＮ,グロース（内国株式）,9050,サービス業,10,情報通信・サービスその他,-,-
20251130,6562,ジーニー,グロース（内国株式）,9050,サービス業,10,情報通信・サービスその他,-,-
20251130,6563,みらいワークス,グロース（内国株式）,9050,サービス業,10,情報通信・サービスその他,-,-
20251130,6568,神戸天然物化学,グロース（内国株式）,9050,サービス業,10,情報通信・サービスその他,-,-
20251130,6573,アジャイルメディア・ネットワーク,グロース（内国株式）,9050,サービス業,10,情報通信・サービスその他,-,-
20251130,6574,コンヴァノ,グロース（内国株式）,9050,サービス業,10,情報通信・サービスその他,-,-
20251130,6577,ベストワンドットコム,グロース（内国株式）,9050,サービス業,10,情報通信・サービスその他,-,-
20251130,6579,ログリー,グロース（内国株式）,9050,サービス業,10,情報通信・サービスその他,-,-
20251130,6580,ライトアップ,グロース（内国株式）,9050,サービス業,10,情報通信・サービスその他,-,-
20251130,6597,ＨＰＣシステムズ,グロース（内国株式）,3650,電気機器,9,電機・精密,-,-
20251130,6612,バルミューダ,グロース（内国株式）,3650,電気機器,9,電機・精密,-,-
20251130,6613,ＱＤレーザ,グロース（内国株式）,3650,電気機器,9,電機・精密,-,-
20251130,6696,トラース・オン・プロダクト,グロース（内国株式）,3650,電気機器,9,電機・精密,-,-
20251130,7031,インバウンドテック,グロース（内国株式）,9050,サービス業,10,情報通信・サービスその他,-,-
20251130,7036,イーエムネットジャパン,グロース（内国株式）,9050,サービス業,10,情報通信・サービスその他,-,-
20251130,7039,ブリッジインターナショナルグループ,グロース（内国株式）,9050,サービス業,10,情報通信・サービスその他,-,-
20251130,7041,ＣＲＧホールディングス,グロース（内国株式）,9050,サービス業,10,情報通信・サービスその他,-,-
20251130,7043,アルー,グロース（内国株式）,9050,サービス業,10,情報通信・サービスその他,-,-
20251130,7046,ＴＤＳＥ,グロース（内国株式）,9050,サービス業,10,情報通信・サービスその他,-,-
20251130,7047,ポート,グロース（内国株式）,9050,サービス業,10,情報通信・サービスその他,-,-
20251130,7048,ベルトラ,グロース（内国株式）,9050,サービス業,10,情報通信・サービスその他,-,-
20251130,7049,識学,グロース（内国株式）,9050,サービス業,10,情報通信・サービスその他,-,-
20251130,7050,フロンティアインターナショナル,グロース（内国株式）,9050,サービス業,10,情報通信・サービスその他,-,-
20251130,7061,日本ホスピスホールディングス,グロース（内国株式）,9050,サービス業,10,情報通信・サービスその他,-,-
20251130,7062,フレアス,グロース（内国株式）,9050,サービス業,10,情報通信・サービスその他,-,-
20251130,7063,Ｂｉｒｄｍａｎ,グロース（内国株式）,9050,サービス業,10,情報通信・サービスその他,-,-
20251130,7064,ハウテレビジョン,グロース（内国株式）,9050,サービス業,10,情報通信・サービスその他,-,-
20251130,7066,ピアズ,グロース（内国株式）,9050,サービス業,10,情報通信・サービスその他,-,-
20251130,7067,ブランディングテクノロジー,グロース（内国株式）,9050,サービス業,10,情報通信・サービスその他,-,-
20251130,7068,フィードフォースグループ,グロース（内国株式）,9050,サービス業,10,情報通信・サービスその他,-,-
20251130,7069,サイバー・バズ,グロース（内国株式）,9050,サービス業,10,情報通信・サービスその他,-,-
20251130,7072,インティメート・マージャー,グロース（内国株式）,9050,サービス業,10,情報通信・サービスその他,-,-
20251130,7073,ジェイック,グロース（内国株式）,9050,サービス業,10,情報通信・サービスその他,-,-
20251130,7074,トゥエンティーフォーセブンホールディングス,グロース（内国株式）,9050,サービス業,10,情報通信・サービスその他,-,-
20251130,7075,ＱＬＳホールディングス,グロース（内国株式）,9050,サービス業,10,情報通信・サービスその他,-,-
20251130,7077,ＡＬｉＮＫインターネット,グロース（内国株式）,9050,サービス業,10,情報通信・サービスその他,-,-
20251130,7078,ＩＮＣＬＵＳＩＶＥ　Ｈｏｌｄｉｎｇｓ,グロース（内国株式）,9050,サービス業,10,情報通信・サービスその他,-,-
20251130,7079,ＷＤＢココ,グロース（内国株式）,9050,サービス業,10,情報通信・サービスその他,-,-
20251130,7080,スポーツフィールド,グロース（内国株式）,9050,サービス業,10,情報通信・サービスその他,-,-
20251130,7082,ジモティー,グロース（内国株式）,9050,サービス業,10,情報通信・サービスその他,-,-
20251130,7083,ＡＨＣグループ,グロース（内国株式）,9050,サービス業,10,情報通信・サービスその他,-,-
20251130,7084,Ｓｍｉｌｅ　Ｈｏｌｄｉｎｇｓ,グロース（内国株式）,9050,サービス業,10,情報通信・サービスその他,-,-
20251130,7089,フォースタートアップス,グロース（内国株式）,9050,サービス業,10,情報通信・サービスその他,-,-
20251130,7090,リグア,グロース（内国株式）,9050,サービス業,10,情報通信・サービスその他,-,-
20251130,7091,リビングプラットフォーム,グロース（内国株式）,9050,サービス業,10,情報通信・サービスその他,-,-
20251130,7093,アディッシュ,グロース（内国株式）,9050,サービス業,10,情報通信・サービスその他,-,-
20251130,7094,ＮｅｘＴｏｎｅ,グロース（内国株式）,9050,サービス業,10,情報通信・サービスその他,-,-
20251130,7096,ステムセル研究所,グロース（内国株式）,9050,サービス業,10,情報通信・サービスその他,-,-
20251130,7097,さくらさくプラス,グロース（内国株式）,9050,サービス業,10,情報通信・サービスその他,-,-
20251130,7110,クラシコム,グロース（内国株式）,6100,小売業,14,小売,-,-
20251130,7112,キューブ,グロース（内国株式）,6100,小売業,14,小売,-,-
20251130,7114,フーディソン,グロース（内国株式）,6050,卸売業,13,商社・卸売,-,-
20251130,7119,ハルメクホールディングス,グロース（内国株式）,6100,小売業,14,小売,-,-
20251130,7133,ＨＹＵＧＡ　ＰＲＩＭＡＲＹ　ＣＡＲＥ,グロース（内国株式）,6100,小売業,14,小売,-,-
20251130,7138,ＴＯＲＩＣＯ,グロース（内国株式）,6100,小売業,14,小売,-,-
20251130,7140,ペットゴー,グロース（内国株式）,6100,小売業,14,小売,-,-
20251130,7317,松屋アールアンドディ,グロース（内国株式）,3700,輸送用機器,6,自動車・輸送機,-,-
20251130,7318,セレンディップ・ホールディングス,グロース（内国株式）,3700,輸送用機器,6,自動車・輸送機,-,-
20251130,7320,Ｓｏｌｖｖｙ,グロース（内国株式）,7200,その他金融業,16,金融（除く銀行）,-,-
20251130,7325,アイリックコーポレーション,グロース（内国株式）,7150,保険業,16,金融（除く銀行）,-,-
20251130,7326,ＳＢＩインシュアランスグループ,グロース（内国株式）,7150,保険業,16,金融（除く銀行）,-,-
20251130,7343,ブロードマインド,グロース（内国株式）,7150,保険業,16,金融（除く銀行）,-,-
20251130,7345,アイ・パートナーズフィナンシャル,グロース（内国株式）,7200,その他金融業,16,金融（除く銀行）,-,-
20251130,7351,グッドパッチ,グロース（内国株式）,9050,サービス業,10,情報通信・サービスその他,-,-
20251130,7352,ＴＷＯＳＴＯＮＥ＆Ｓｏｎｓ,グロース（内国株式）,9050,サービス業,10,情報通信・サービスその他,-,-
20251130,7353,ＫＩＹＯラーニング,グロース（内国株式）,9050,サービス業,10,情報通信・サービスその他,-,-
20251130,7356,Ｒｅｔｔｙ,グロース（内国株式）,9050,サービス業,10,情報通信・サービスその他,-,-
20251130,7359,東京通信グループ,グロース（内国株式）,9050,サービス業,10,情報通信・サービスその他,-,-
20251130,7360,オンデック,グロース（内国株式）,9050,サービス業,10,情報通信・サービスその他,-,-
20251130,7361,ヒューマンクリエイションホールディングス,グロース（内国株式）,9050,サービス業,10,情報通信・サービスその他,-,-
20251130,7362,Ｔ．Ｓ．Ｉ,グロース（内国株式）,9050,サービス業,10,情報通信・サービスその他,-,-
20251130,7363,ベビーカレンダー,グロース（内国株式）,9050,サービス業,10,情報通信・サービスその他,-,-
20251130,7369,メイホーホールディングス,グロース（内国株式）,9050,サービス業,10,情報通信・サービスその他,-,-
20251130,7370,Ｅｎｊｉｎ,グロース（内国株式）,9050,サービス業,10,情報通信・サービスその他,-,-
20251130,7371,Ｚｅｎｋｅｎ,グロース（内国株式）,9050,サービス業,10,情報通信・サービスその他,-,-
20251130,7372,デコルテ・ホールディングス,グロース（内国株式）,9050,サービス業,10,情報通信・サービスその他,-,-
20251130,7373,アイドマ・ホールディングス,グロース（内国株式）,9050,サービス業,10,情報通信・サービスその他,-,-
20251130,7374,コンフィデンス・インターワークス,グロース（内国株式）,9050,サービス業,10,情報通信・サービスその他,-,-
20251130,7375,リファインバースグループ,グロース（内国株式）,9050,サービス業,10,情報通信・サービスその他,-,-
20251130,7376,ＢＣＣ,グロース（内国株式）,9050,サービス業,10,情報通信・サービスその他,-,-
20251130,7378,アシロ,グロース（内国株式）,9050,サービス業,10,情報通信・サービスその他,-,-
20251130,7409,ＡｅｒｏＥｄｇｅ,グロース（内国株式）,3700,輸送用機器,6,自動車・輸送機,-,-
20251130,7674,ＮＡＴＴＹ　ＳＷＡＮＫＹホールディングス,グロース（内国株式）,6100,小売業,14,小売,-,-
20251130,7685,ＢｕｙＳｅｌｌ　Ｔｅｃｈｎｏｌｏｇｉｅｓ,グロース（内国株式）,6050,卸売業,13,商社・卸売,-,-
20251130,7687,ミクリード,グロース（内国株式）,6050,卸売業,13,商社・卸売,-,-
20251130,7689,コパ・コーポレーション,グロース（内国株式）,6050,卸売業,13,商社・卸売,-,-
20251130,7694,いつも,グロース（内国株式）,6100,小売業,14,小売,-,-
20251130,7695,交換できるくん,グロース（内国株式）,6100,小売業,14,小売,-,-
20251130,7699,オムニ・プラス・システム・リミテッド　ＪＤＲ,グロース（外国株式）,6050,卸売業,13,商社・卸売,-,-
20251130,7707,プレシジョン・システム・サイエンス,グロース（内国株式）,3750,精密機器,9,電機・精密,-,-
20251130,7774,ジャパン・ティッシュエンジニアリング,グロース（内国株式）,3750,精密機器,9,電機・精密,-,-
20251130,7776,セルシード,グロース（内国株式）,3750,精密機器,9,電機・精密,-,-
20251130,7777,スリー・ディー・マトリックス,グロース（内国株式）,3750,精密機器,9,電機・精密,-,-
20251130,7779,ＣＹＢＥＲＤＹＮＥ,グロース（内国株式）,3750,精密機器,9,電機・精密,-,-
20251130,7792,コラントッテ,グロース（内国株式）,3800,その他製品,10,情報通信・サービスその他,-,-
20251130,7793,イメージ・マジック,グロース（内国株式）,3800,その他製品,10,情報通信・サービスその他,-,-
20251130,7794,イーディーピー,グロース（内国株式）,3800,その他製品,10,情報通信・サービスその他,-,-
20251130,7803,ブシロード,グロース（内国株式）,3800,その他製品,10,情報通信・サービスその他,-,-
20251130,7806,ＭＴＧ,グロース（内国株式）,3800,その他製品,10,情報通信・サービスその他,-,-
20251130,8938,グローム・ホールディングス,グロース（内国株式）,8050,不動産業,17,不動産,-,-
20251130,9158,シーユーシー,グロース（内国株式）,9050,サービス業,10,情報通信・サービスその他,-,-
20251130,9159,Ｗ　ＴＯＫＹＯ,グロース（内国株式）,9050,サービス業,10,情報通信・サービスその他,-,-
20251130,9162,ブリーチ,グロース（内国株式）,9050,サービス業,10,情報通信・サービスその他,-,-
20251130,9163,ナレルグループ,グロース（内国株式）,9050,サービス業,10,情報通信・サービスその他,-,-
20251130,9165,クオルテック,グロース（内国株式）,9050,サービス業,10,情報通信・サービスその他,-,-
20251130,9166,ＧＥＮＤＡ,グロース（内国株式）,9050,サービス業,10,情報通信・サービスその他,-,-
20251130,9168,ライズ・コンサルティング・グループ,グロース（内国株式）,9050,サービス業,10,情報通信・サービスその他,-,-
20251130,9204,スカイマーク,グロース（内国株式）,5150,空運業,12,運輸・物流,-,-
20251130,9211,エフ・コード,グロース（内国株式）,9050,サービス業,10,情報通信・サービスその他,-,-
20251130,9212,Ｇｒｅｅｎ　Ｅａｒｔｈ　Ｉｎｓｔｉｔｕｔｅ,グロース（内国株式）,9050,サービス業,10,情報通信・サービスその他,-,-
20251130,9214,Ｒｅｃｏｖｅｒｙ　Ｉｎｔｅｒｎａｔｉｏｎａｌ,グロース（内国株式）,9050,サービス業,10,情報通信・サービスその他,-,-
20251130,9215,ＣａＳｙ,グロース（内国株式）,9050,サービス業,10,情報通信・サービスその他,-,-
20251130,9218,メンタルヘルステクノロジーズ,グロース（内国株式）,9050,サービス業,10,情報通信・サービスその他,-,-
20251130,9219,ギックス,グロース（内国株式）,9050,サービス業,10,情報通信・サービスその他,-,-
20251130,9223,ＡＳＮＯＶＡ,グロース（内国株式）,9050,サービス業,10,情報通信・サービスその他,-,-
20251130,9225,ブリッジコンサルティンググループ,グロース（内国株式）,9050,サービス業,10,情報通信・サービスその他,-,-
20251130,9227,マイクロ波化学,グロース（内国株式）,9050,サービス業,10,情報通信・サービスその他,-,-
20251130,9235,売れるネット広告社グループ,グロース（内国株式）,9050,サービス業,10,情報通信・サービスその他,-,-
20251130,9236,ジャパンＭ＆Ａソリューション,グロース（内国株式）,9050,サービス業,10,情報通信・サービスその他,-,-
20251130,9237,笑美面,グロース（内国株式）,9050,サービス業,10,情報通信・サービスその他,-,-
20251130,9238,バリュークリエーション,グロース（内国株式）,9050,サービス業,10,情報通信・サービスその他,-,-
20251130,9240,デリバリーコンサルティング,グロース（内国株式）,9050,サービス業,10,情報通信・サービスその他,-,-
20251130,9241,フューチャーリンクネットワーク,グロース（内国株式）,9050,サービス業,10,情報通信・サービスその他,-,-
20251130,9242,メディア総研,グロース（内国株式）,9050,サービス業,10,情報通信・サービスその他,-,-
20251130,9244,デジタリフト,グロース（内国株式）,9050,サービス業,10,情報通信・サービスその他,-,-
20251130,9245,リベロ,グロース（内国株式）,9050,サービス業,10,情報通信・サービスその他,-,-
20251130,9246,プロジェクトホールディングス,グロース（内国株式）,9050,サービス業,10,情報通信・サービスその他,-,-
20251130,9250,ＧＲＣＳ,グロース（内国株式）,9050,サービス業,10,情報通信・サービスその他,-,-
20251130,9251,ＡＢ＆Ｃｏｍｐａｎｙ,グロース（内国株式）,9050,サービス業,10,情報通信・サービスその他,-,-
20251130,9252,ラストワンマイル,グロース（内国株式）,9050,サービス業,10,情報通信・サービスその他,-,-
20251130,9253,スローガン,グロース（内国株式）,9050,サービス業,10,情報通信・サービスその他,-,-
20251130,9254,ラバブルマーケティンググループ,グロース（内国株式）,9050,サービス業,10,情報通信・サービスその他,-,-
20251130,9256,サクシード,グロース（内国株式）,9050,サービス業,10,情報通信・サービスその他,-,-
20251130,9257,ＹＣＰホールディングス（グローバル）リミテッド　ＪＤＲ,グロース（外国株式）,9050,サービス業,10,情報通信・サービスその他,-,-
20251130,9258,ＣＳ－Ｃ,グロース（内国株式）,9050,サービス業,10,情報通信・サービスその他,-,-
20251130,9259,タカヨシホールディングス,グロース（内国株式）,9050,サービス業,10,情報通信・サービスその他,-,-
20251130,9270,バリュエンスホールディングス,グロース（内国株式）,6050,卸売業,13,商社・卸売,-,-
20251130,9271,和心,グロース（内国株式）,6100,小売業,14,小売,-,-
20251130,9272,ブティックス,グロース（内国株式）,9050,サービス業,10,情報通信・サービスその他,-,-
20251130,9326,関通,グロース（内国株式）,5200,倉庫・運輸関連業,12,運輸・物流,-,-
20251130,9330,揚羽,グロース（内国株式）,9050,サービス業,10,情報通信・サービスその他,-,-
20251130,9331,キャスター,グロース（内国株式）,9050,サービス業,10,情報通信・サービスその他,-,-
20251130,9337,トリドリ,グロース（内国株式）,9050,サービス業,10,情報通信・サービスその他,-,-
20251130,9338,ＩＮＦＯＲＩＣＨ,グロース（内国株式）,9050,サービス業,10,情報通信・サービスその他,-,-
20251130,9342,スマサポ,グロース（内国株式）,9050,サービス業,10,情報通信・サービスその他,-,-
20251130,9343,アイビス,グロース（内国株式）,9050,サービス業,10,情報通信・サービスその他,-,-
20251130,9344,アクシスコンサルティング,グロース（内国株式）,9050,サービス業,10,情報通信・サービスその他,-,-
20251130,9345,ビズメイツ,グロース（内国株式）,9050,サービス業,10,情報通信・サービスその他,-,-
20251130,9346,ココルポート,グロース（内国株式）,9050,サービス業,10,情報通信・サービスその他,-,-
20251130,9348,ｉｓｐａｃｅ,グロース（内国株式）,9050,サービス業,10,情報通信・サービスその他,-,-
20251130,9467,アルファポリス,グロース（内国株式）,5250,情報・通信業,10,情報通信・サービスその他,-,-
20251130,9553,マイクロアド,グロース（内国株式）,9050,サービス業,10,情報通信・サービスその他,-,-
20251130,9554,ＡＶｉＣ,グロース（内国株式）,9050,サービス業,10,情報通信・サービスその他,-,-
20251130,9556,ＩＮＴＬＯＯＰ,グロース（内国株式）,9050,サービス業,10,情報通信・サービスその他,-,-
20251130,9557,エアークローゼット,グロース（内国株式）,9050,サービス業,10,情報通信・サービスその他,-,-
20251130,9558,ジャパニアス,グロース（内国株式）,9050,サービス業,10,情報通信・サービスその他,-,-
20251130,9560,プログリット,グロース（内国株式）,9050,サービス業,10,情報通信・サービスその他,-,-
20251130,9561,グラッドキューブ,グロース（内国株式）,9050,サービス業,10,情報通信・サービスその他,-,-
20251130,9562,ビジネスコーチ,グロース（内国株式）,9050,サービス業,10,情報通信・サービスその他,-,-
20251130,9563,Ａｔｌａｓ　Ｔｅｃｈｎｏｌｏｇｉｅｓ,グロース（内国株式）,9050,サービス業,10,情報通信・サービスその他,-,-
20251130,9565,ＧＬＯＥ,グロース（内国株式）,9050,サービス業,10,情報通信・サービスその他,-,-
