company_id,company_name,url,description,business_model,target,stage,employee_count,domain,icp_score,source,created_at,updated_at,notes,stock_code,market,industry_17,size_category,is_icp_candidate
130A,Ｖｅｒｉｔａｓ　Ｉｎ　Ｓｉｌｉｃｏ,,,,,上場（グロース）,,医薬品,,JPX Growth Market,2025-12-26,2025-12-26,,130A,グロース（内国株式）,医薬品,-,False
135A,ＶＲＡＩＮ　Ｓｏｌｕｔｉｏｎ,,,,,上場（グロース）,,情報・通信業,,JPX Growth Market,2025-12-26,2025-12-26,,135A,グロース（内国株式）,情報通信・サービスその他,-,True
137A,Ｃｏｃｏｌｉｖｅ,,,,,上場（グロース）,,情報・通信業,,JPX Growth Market,2025-12-26,2025-12-26,,137A,グロース（内国株式）,情報通信・サービスその他,-,True
138A,光フードサービス,,,,,上場（グロース）,,小売業,,JPX Growth Market,2025-12-26,2025-12-26,,138A,グロース（内国株式）,小売,-,False
1401,エムビーエス,,,,,上場（グロース）,,建設業,,JPX Growth Market,2025-12-26,2025-12-26,,1401,グロース（内国株式）,建設・資材,-,False
141A,トライアルホールディングス,,,,,上場（グロース）,,小売業,,JPX Growth Market,2025-12-26,2025-12-26,,141A,グロース（内国株式）,小売,-,False
142A,ジンジブ,,,,,上場（グロース）,,サービス業,,JPX Growth Market,2025-12-26,2025-12-26,,142A,グロース（内国株式）,情報通信・サービスその他,-,True
1431,Ｌｉｂ　Ｗｏｒｋ,,,,,上場（グロース）,,建設業,,JPX Growth Market,2025-12-26,2025-12-26,,1431,グロース（内国株式）,建設・資材,-,False
1436,グリーンエナジー＆カンパニー,,,,,上場（グロース）,,建設業,,JPX Growth Market,2025-12-26,2025-12-26,,1436,グロース（内国株式）,建設・資材,-,False
143A,イシン,,,,,上場（グロース）,,サービス業,,JPX Growth Market,2025-12-26,2025-12-26,,143A,グロース（内国株式）,情報通信・サービスその他,-,True
1444,ニッソウ,,,,,上場（グロース）,,建設業,,JPX Growth Market,2025-12-26,2025-12-26,,1444,グロース（内国株式）,建設・資材,-,False
1447,ＳＡＡＦホールディングス,,,,,上場（グロース）,,建設業,,JPX Growth Market,2025-12-26,2025-12-26,,1447,グロース（内国株式）,建設・資材,-,False
145A,Ｌ　ｉｓ　Ｂ,,,,,上場（グロース）,,情報・通信業,,JPX Growth Market,2025-12-26,2025-12-26,,145A,グロース（内国株式）,情報通信・サービスその他,-,True
147A,ソラコム,,,,,上場（グロース）,,情報・通信業,,JPX Growth Market,2025-12-26,2025-12-26,,147A,グロース（内国株式）,情報通信・サービスその他,-,True
148A,ハッチ・ワーク,,,,,上場（グロース）,,情報・通信業,,JPX Growth Market,2025-12-26,2025-12-26,,148A,グロース（内国株式）,情報通信・サービスその他,-,True
149A,シンカ,,,,,上場（グロース）,,情報・通信業,,JPX Growth Market,2025-12-26,2025-12-26,,149A,グロース（内国株式）,情報通信・サービスその他,-,True
150A,ＪＳＨ,,,,,上場（グロース）,,サービス業,,JPX Growth Market,2025-12-26,2025-12-26,,150A,グロース（内国株式）,情報通信・サービスその他,-,True
151A,ダイブ,,,,,上場（グロース）,,サービス業,,JPX Growth Market,2025-12-26,2025-12-26,,151A,グロース（内国株式）,情報通信・サービスその他,-,True
153A,カウリス,,,,,上場（グロース）,,情報・通信業,,JPX Growth Market,2025-12-26,2025-12-26,,153A,グロース（内国株式）,情報通信・サービスその他,-,True
155A,情報戦略テクノロジー,,,,,上場（グロース）,,情報・通信業,,JPX Growth Market,2025-12-26,2025-12-26,,155A,グロース（内国株式）,情報通信・サービスその他,-,True
156A,マテリアルグループ,,,,,上場（グロース）,,サービス業,,JPX Growth Market,2025-12-26,2025-12-26,,156A,グロース（内国株式）,情報通信・サービスその他,-,True
157A,グリーンモンスター,,,,,上場（グロース）,,サービス業,,JPX Growth Market,2025-12-26,2025-12-26,,157A,グロース（内国株式）,情報通信・サービスその他,-,True
166A,タスキホールディングス,,,,,上場（グロース）,,不動産業,,JPX Growth Market,2025-12-26,2025-12-26,,166A,グロース（内国株式）,不動産,-,False
168A,イタミアート,,,,,上場（グロース）,,その他製品,,JPX Growth Market,2025-12-26,2025-12-26,,168A,グロース（内国株式）,情報通信・サービスその他,-,False
173A,ハンモック,,,,,上場（グロース）,,情報・通信業,,JPX Growth Market,2025-12-26,2025-12-26,,173A,グロース（内国株式）,情報通信・サービスその他,-,True
175A,Ｗｉｌｌ　Ｓｍａｒｔ,,,,,上場（グロース）,,情報・通信業,,JPX Growth Market,2025-12-26,2025-12-26,,175A,グロース（内国株式）,情報通信・サービスその他,-,True
176A,レジル,,,,,上場（グロース）,,電気・ガス業,,JPX Growth Market,2025-12-26,2025-12-26,,176A,グロース（内国株式）,電力・ガス,-,False
177A,コージンバイオ,,,,,上場（グロース）,,化学,,JPX Growth Market,2025-12-26,2025-12-26,,177A,グロース（内国株式）,素材・化学,-,False
184A,学びエイド,,,,,上場（グロース）,,情報・通信業,,JPX Growth Market,2025-12-26,2025-12-26,,184A,グロース（内国株式）,情報通信・サービスその他,-,True
186A,アストロスケールホールディングス,,,,,上場（グロース）,,サービス業,,JPX Growth Market,2025-12-26,2025-12-26,,186A,グロース（内国株式）,情報通信・サービスその他,-,True
189A,Ｄ＆Ｍカンパニー,,,,,上場（グロース）,,サービス業,,JPX Growth Market,2025-12-26,2025-12-26,,189A,グロース（内国株式）,情報通信・サービスその他,-,True
190A,Ｃｈｏｒｄｉａ　Ｔｈｅｒａｐｅｕｔｉｃｓ,,,,,上場（グロース）,,医薬品,,JPX Growth Market,2025-12-26,2025-12-26,,190A,グロース（内国株式）,医薬品,-,False
192A,インテグループ,,,,,上場（グロース）,,サービス業,,JPX Growth Market,2025-12-26,2025-12-26,,192A,グロース（内国株式）,情報通信・サービスその他,-,True
194A,ＷＯＬＶＥＳ　ＨＡＮＤ,,,,,上場（グロース）,,サービス業,,JPX Growth Market,2025-12-26,2025-12-26,,194A,グロース（内国株式）,情報通信・サービスその他,-,True
195A,ＭＵＳＣＡＴ　ＧＲＯＵＰ,,,,,上場（グロース）,,サービス業,,JPX Growth Market,2025-12-26,2025-12-26,,195A,グロース（内国株式）,情報通信・サービスその他,-,True
196A,ＭＦＳ,,,,,上場（グロース）,,その他金融業,,JPX Growth Market,2025-12-26,2025-12-26,,196A,グロース（内国株式）,金融（除く銀行）,-,False
198A,ＰｏｓｔＰｒｉｍｅ,,,,,上場（グロース）,,情報・通信業,,JPX Growth Market,2025-12-26,2025-12-26,,198A,グロース（内国株式）,情報通信・サービスその他,-,True
202A,豆蔵,,,,,上場（グロース）,,情報・通信業,,JPX Growth Market,2025-12-26,2025-12-26,,202A,グロース（内国株式）,情報通信・サービスその他,-,True
205A,ロゴスホールディングス,,,,,上場（グロース）,,建設業,,JPX Growth Market,2025-12-26,2025-12-26,,205A,グロース（内国株式）,建設・資材,-,False
206A,ＰＲＩＳＭ　ＢｉｏＬａｂ,,,,,上場（グロース）,,医薬品,,JPX Growth Market,2025-12-26,2025-12-26,,206A,グロース（内国株式）,医薬品,-,False
2158,ＦＲＯＮＴＥＯ,,,,,上場（グロース）,,サービス業,,JPX Growth Market,2025-12-26,2025-12-26,,2158,グロース（内国株式）,情報通信・サービスその他,-,True
215A,タイミー,,,,,上場（グロース）,,サービス業,,JPX Growth Market,2025-12-26,2025-12-26,,215A,グロース（内国株式）,情報通信・サービスその他,-,True
2160,ジーエヌアイグループ,,,,,上場（グロース）,,医薬品,,JPX Growth Market,2025-12-26,2025-12-26,,2160,グロース（内国株式）,医薬品,-,False
2164,地域新聞社,,,,,上場（グロース）,,サービス業,,JPX Growth Market,2025-12-26,2025-12-26,,2164,グロース（内国株式）,情報通信・サービスその他,-,True
2173,博展,,,,,上場（グロース）,,サービス業,,JPX Growth Market,2025-12-26,2025-12-26,,2173,グロース（内国株式）,情報通信・サービスその他,-,True
218A,Ｌｉｂｅｒａｗａｒｅ,,,,,上場（グロース）,,精密機器,,JPX Growth Market,2025-12-26,2025-12-26,,218A,グロース（内国株式）,電機・精密,-,False
2195,アミタホールディングス,,,,,上場（グロース）,,サービス業,,JPX Growth Market,2025-12-26,2025-12-26,,2195,グロース（内国株式）,情報通信・サービスその他,-,True
219A,Ｈｅａｒｔｓｅｅｄ,,,,,上場（グロース）,,医薬品,,JPX Growth Market,2025-12-26,2025-12-26,,219A,グロース（内国株式）,医薬品,-,False
228A,オプロ,,,,,上場（グロース）,,情報・通信業,,JPX Growth Market,2025-12-26,2025-12-26,,228A,グロース（内国株式）,情報通信・サービスその他,-,True
2321,ソフトフロントホールディングス,,,,,上場（グロース）,,情報・通信業,,JPX Growth Market,2025-12-26,2025-12-26,,2321,グロース（内国株式）,情報通信・サービスその他,-,True
2334,イオレ,,,,,上場（グロース）,,サービス業,,JPX Growth Market,2025-12-26,2025-12-26,,2334,グロース（内国株式）,情報通信・サービスその他,-,True
2342,トランスジェニックグループ,,,,,上場（グロース）,,サービス業,,JPX Growth Market,2025-12-26,2025-12-26,,2342,グロース（内国株式）,情報通信・サービスその他,-,True
2351,ＡＳＪ,,,,,上場（グロース）,,情報・通信業,,JPX Growth Market,2025-12-26,2025-12-26,,2351,グロース（内国株式）,情報通信・サービスその他,-,True
2370,メディネット,,,,,上場（グロース）,,サービス業,,JPX Growth Market,2025-12-26,2025-12-26,,2370,グロース（内国株式）,情報通信・サービスその他,-,True
2385,総医研ホールディングス,,,,,上場（グロース）,,サービス業,,JPX Growth Market,2025-12-26,2025-12-26,,2385,グロース（内国株式）,情報通信・サービスその他,-,True
2388,ウェッジホールディングス,,,,,上場（グロース）,,その他金融業,,JPX Growth Market,2025-12-26,2025-12-26,,2388,グロース（内国株式）,金融（除く銀行）,-,False
241A,ＲＯＸＸ,,,,,上場（グロース）,,情報・通信業,,JPX Growth Market,2025-12-26,2025-12-26,,241A,グロース（内国株式）,情報通信・サービスその他,-,True
2438,アスカネット,,,,,上場（グロース）,,サービス業,,JPX Growth Market,2025-12-26,2025-12-26,,2438,グロース（内国株式）,情報通信・サービスその他,-,True
244A,グロースエクスパートナーズ,,,,,上場（グロース）,,情報・通信業,,JPX Growth Market,2025-12-26,2025-12-26,,244A,グロース（内国株式）,情報通信・サービスその他,-,True
245A,ＩＮＧＳ,,,,,上場（グロース）,,小売業,,JPX Growth Market,2025-12-26,2025-12-26,,245A,グロース（内国株式）,小売,-,False
246A,アスア,,,,,上場（グロース）,,サービス業,,JPX Growth Market,2025-12-26,2025-12-26,,246A,グロース（内国株式）,情報通信・サービスその他,-,True
247A,Ａｉロボティクス,,,,,上場（グロース）,,化学,,JPX Growth Market,2025-12-26,2025-12-26,,247A,グロース（内国株式）,素材・化学,-,False
248A,キッズスター,,,,,上場（グロース）,,情報・通信業,,JPX Growth Market,2025-12-26,2025-12-26,,248A,グロース（内国株式）,情報通信・サービスその他,-,True
2497,ユナイテッド,,,,,上場（グロース）,,サービス業,,JPX Growth Market,2025-12-26,2025-12-26,,2497,グロース（内国株式）,情報通信・サービスその他,-,True
2586,フルッタフルッタ,,,,,上場（グロース）,,食料品,,JPX Growth Market,2025-12-26,2025-12-26,,2586,グロース（内国株式）,食品,-,False
264A,Ｓｃｈｏｏ,,,,,上場（グロース）,,サービス業,,JPX Growth Market,2025-12-26,2025-12-26,,264A,グロース（内国株式）,情報通信・サービスその他,-,True
265A,Ｈｍｃｏｍｍ,,,,,上場（グロース）,,情報・通信業,,JPX Growth Market,2025-12-26,2025-12-26,,265A,グロース（内国株式）,情報通信・サービスその他,-,True
269A,Ｓａｐｅｅｔ,,,,,上場（グロース）,,情報・通信業,,JPX Growth Market,2025-12-26,2025-12-26,,269A,グロース（内国株式）,情報通信・サービスその他,-,True
276A,ククレブ・アドバイザーズ,,,,,上場（グロース）,,不動産業,,JPX Growth Market,2025-12-26,2025-12-26,,276A,グロース（内国株式）,不動産,-,False
277A,グロービング,,,,,上場（グロース）,,サービス業,,JPX Growth Market,2025-12-26,2025-12-26,,277A,グロース（内国株式）,情報通信・サービスその他,-,True
278A,Ｔｅｒｒａ　Ｄｒｏｎｅ,,,,,上場（グロース）,,精密機器,,JPX Growth Market,2025-12-26,2025-12-26,,278A,グロース（内国株式）,電機・精密,-,False
280A,ＴＭＨ,,,,,上場（グロース）,,卸売業,,JPX Growth Market,2025-12-26,2025-12-26,,280A,グロース（内国株式）,商社・卸売,-,False
281A,インフォメティス,,,,,上場（グロース）,,情報・通信業,,JPX Growth Market,2025-12-26,2025-12-26,,281A,グロース（内国株式）,情報通信・サービスその他,-,True
286A,ユカリア,,,,,上場（グロース）,,サービス業,,JPX Growth Market,2025-12-26,2025-12-26,,286A,グロース（内国株式）,情報通信・サービスその他,-,True
288A,ラクサス・テクノロジーズ,,,,,上場（グロース）,,サービス業,,JPX Growth Market,2025-12-26,2025-12-26,,288A,グロース（内国株式）,情報通信・サービスその他,-,True
290A,Ｓｙｎｓｐｅｃｔｉｖｅ,,,,,上場（グロース）,,情報・通信業,,JPX Growth Market,2025-12-26,2025-12-26,,290A,グロース（内国株式）,情報通信・サービスその他,-,True
291A,リスキル,,,,,上場（グロース）,,サービス業,,JPX Growth Market,2025-12-26,2025-12-26,,291A,グロース（内国株式）,情報通信・サービスその他,-,True
2934,ジェイフロンティア,,,,,上場（グロース）,,食料品,,JPX Growth Market,2025-12-26,2025-12-26,,2934,グロース（内国株式）,食品,-,False
2936,ベースフード,,,,,上場（グロース）,,食料品,,JPX Growth Market,2025-12-26,2025-12-26,,2936,グロース（内国株式）,食品,-,False
2937,サンクゼール,,,,,上場（グロース）,,食料品,,JPX Growth Market,2025-12-26,2025-12-26,,2937,グロース（内国株式）,食品,-,False
296A,令和アカウンティング・ホールディングス,,,,,上場（グロース）,,サービス業,,JPX Growth Market,2025-12-26,2025-12-26,,296A,グロース（内国株式）,情報通信・サービスその他,-,True
2978,ツクルバ,,,,,上場（グロース）,,不動産業,,JPX Growth Market,2025-12-26,2025-12-26,,2978,グロース（内国株式）,不動産,-,False
2981,ランディックス,,,,,上場（グロース）,,不動産業,,JPX Growth Market,2025-12-26,2025-12-26,,2981,グロース（内国株式）,不動産,-,False
2983,アールプランナー,,,,,上場（グロース）,,不動産業,,JPX Growth Market,2025-12-26,2025-12-26,,2983,グロース（内国株式）,不動産,-,False
2986,ＬＡホールディングス,,,,,上場（グロース）,,不動産業,,JPX Growth Market,2025-12-26,2025-12-26,,2986,グロース（内国株式）,不動産,-,False
298A,ＧＶＡ　ＴＥＣＨ,,,,,上場（グロース）,,情報・通信業,,JPX Growth Market,2025-12-26,2025-12-26,,298A,グロース（内国株式）,情報通信・サービスその他,-,True
2997,ストレージ王,,,,,上場（グロース）,,不動産業,,JPX Growth Market,2025-12-26,2025-12-26,,2997,グロース（内国株式）,不動産,-,False
2998,クリアル,,,,,上場（グロース）,,不動産業,,JPX Growth Market,2025-12-26,2025-12-26,,2998,グロース（内国株式）,不動産,-,False
299A,クラシル,,,,,上場（グロース）,,サービス業,,JPX Growth Market,2025-12-26,2025-12-26,,299A,グロース（内国株式）,情報通信・サービスその他,-,True
302A,ビースタイルホールディングス,,,,,上場（グロース）,,サービス業,,JPX Growth Market,2025-12-26,2025-12-26,,302A,グロース（内国株式）,情報通信・サービスその他,-,True
303A,ｖｉｓｕｍｏ,,,,,上場（グロース）,,情報・通信業,,JPX Growth Market,2025-12-26,2025-12-26,,303A,グロース（内国株式）,情報通信・サービスその他,-,True
3042,セキュアヴェイル,,,,,上場（グロース）,,情報・通信業,,JPX Growth Market,2025-12-26,2025-12-26,,3042,グロース（内国株式）,情報通信・サービスその他,-,True
304A,フォルシア,,,,,上場（グロース）,,情報・通信業,,JPX Growth Market,2025-12-26,2025-12-26,,304A,グロース（内国株式）,情報通信・サービスその他,-,True
3063,ジェイグループホールディングス,,,,,上場（グロース）,,小売業,,JPX Growth Market,2025-12-26,2025-12-26,,3063,グロース（内国株式）,小売,-,False
3070,ジェリービーンズグループ,,,,,上場（グロース）,,卸売業,,JPX Growth Market,2025-12-26,2025-12-26,,3070,グロース（内国株式）,商社・卸売,-,False
3133,海帆,,,,,上場（グロース）,,小売業,,JPX Growth Market,2025-12-26,2025-12-26,,3133,グロース（内国株式）,小売,-,False
3137,ファンデリー,,,,,上場（グロース）,,小売業,,JPX Growth Market,2025-12-26,2025-12-26,,3137,グロース（内国株式）,小売,-,False
3138,富士山マガジンサービス,,,,,上場（グロース）,,小売業,,JPX Growth Market,2025-12-26,2025-12-26,,3138,グロース（内国株式）,小売,-,False
3140,ＢＲＵＮＯ,,,,,上場（グロース）,,卸売業,,JPX Growth Market,2025-12-26,2025-12-26,,3140,グロース（内国株式）,商社・卸売,-,False
3185,夢展望,,,,,上場（グロース）,,小売業,,JPX Growth Market,2025-12-26,2025-12-26,,3185,グロース（内国株式）,小売,-,False
3187,ミラタップ,,,,,上場（グロース）,,小売業,,JPX Growth Market,2025-12-26,2025-12-26,,3187,グロース（内国株式）,小売,-,False
3195,ジェネレーションパス,,,,,上場（グロース）,,小売業,,JPX Growth Market,2025-12-26,2025-12-26,,3195,グロース（内国株式）,小売,-,False
319A,技術承継機構,,,,,上場（グロース）,,金属製品,,JPX Growth Market,2025-12-26,2025-12-26,,319A,グロース（内国株式）,建設・資材,-,False
3224,ゼネラル・オイスター,,,,,上場（グロース）,,小売業,,JPX Growth Market,2025-12-26,2025-12-26,,3224,グロース（内国株式）,小売,-,False
3237,イントランス,,,,,上場（グロース）,,不動産業,,JPX Growth Market,2025-12-26,2025-12-26,,3237,グロース（内国株式）,不動産,-,False
323A,フライヤー,,,,,上場（グロース）,,情報・通信業,,JPX Growth Market,2025-12-26,2025-12-26,,323A,グロース（内国株式）,情報通信・サービスその他,-,True
324A,ブッキングリゾート,,,,,上場（グロース）,,サービス業,,JPX Growth Market,2025-12-26,2025-12-26,,324A,グロース（内国株式）,情報通信・サービスその他,-,True
325A,ＴＥＮＴＩＡＬ,,,,,上場（グロース）,,繊維製品,,JPX Growth Market,2025-12-26,2025-12-26,,325A,グロース（内国株式）,素材・化学,-,False
3261,グランディーズ,,,,,上場（グロース）,,不動産業,,JPX Growth Market,2025-12-26,2025-12-26,,3261,グロース（内国株式）,不動産,-,False
3300,アンビション　ＤＸ　ホールディングス,,,,,上場（グロース）,,不動産業,,JPX Growth Market,2025-12-26,2025-12-26,,3300,グロース（内国株式）,不動産,-,False
330A,ＴａｌｅｎｔＸ,,,,,上場（グロース）,,情報・通信業,,JPX Growth Market,2025-12-26,2025-12-26,,330A,グロース（内国株式）,情報通信・サービスその他,-,True
332A,ミーク,,,,,上場（グロース）,,情報・通信業,,JPX Growth Market,2025-12-26,2025-12-26,,332A,グロース（内国株式）,情報通信・サービスその他,-,True
334A,ビジュアル・プロセッシング・ジャパン,,,,,上場（グロース）,,情報・通信業,,JPX Growth Market,2025-12-26,2025-12-26,,334A,グロース（内国株式）,情報通信・サービスその他,-,True
3359,ｃｏｔｔａ,,,,,上場（グロース）,,卸売業,,JPX Growth Market,2025-12-26,2025-12-26,,3359,グロース（内国株式）,商社・卸売,-,False
335A,ミライロ,,,,,上場（グロース）,,情報・通信業,,JPX Growth Market,2025-12-26,2025-12-26,,335A,グロース（内国株式）,情報通信・サービスその他,-,True
336A,ダイナミックマッププラットフォーム,,,,,上場（グロース）,,情報・通信業,,JPX Growth Market,2025-12-26,2025-12-26,,336A,グロース（内国株式）,情報通信・サービスその他,-,True
338A,ＺｅｎｍｕＴｅｃｈ,,,,,上場（グロース）,,情報・通信業,,JPX Growth Market,2025-12-26,2025-12-26,,338A,グロース（内国株式）,情報通信・サービスその他,-,True
339A,プログレス・テクノロジーズ　グループ,,,,,上場（グロース）,,サービス業,,JPX Growth Market,2025-12-26,2025-12-26,,339A,グロース（内国株式）,情報通信・サービスその他,-,True
340A,ジグザグ,,,,,上場（グロース）,,情報・通信業,,JPX Growth Market,2025-12-26,2025-12-26,,340A,グロース（内国株式）,情報通信・サービスその他,-,True
3416,ピクスタ,,,,,上場（グロース）,,小売業,,JPX Growth Market,2025-12-26,2025-12-26,,3416,グロース（内国株式）,小売,-,False
3418,バルニバービ,,,,,上場（グロース）,,小売業,,JPX Growth Market,2025-12-26,2025-12-26,,3418,グロース（内国株式）,小売,-,False
341A,トヨコー,,,,,上場（グロース）,,建設業,,JPX Growth Market,2025-12-26,2025-12-26,,341A,グロース（内国株式）,建設・資材,-,False
3474,Ｇ－ＦＡＣＴＯＲＹ,,,,,上場（グロース）,,不動産業,,JPX Growth Market,2025-12-26,2025-12-26,,3474,グロース（内国株式）,不動産,-,False
3477,フォーライフ,,,,,上場（グロース）,,不動産業,,JPX Growth Market,2025-12-26,2025-12-26,,3477,グロース（内国株式）,不動産,-,False
3479,ティーケーピー,,,,,上場（グロース）,,不動産業,,JPX Growth Market,2025-12-26,2025-12-26,,3479,グロース（内国株式）,不動産,-,False
3491,ＧＡ　ｔｅｃｈｎｏｌｏｇｉｅｓ,,,,,上場（グロース）,,不動産業,,JPX Growth Market,2025-12-26,2025-12-26,,3491,グロース（内国株式）,不動産,-,False
350A,デジタルグリッド,,,,,上場（グロース）,,電気・ガス業,,JPX Growth Market,2025-12-26,2025-12-26,,350A,グロース（内国株式）,電力・ガス,-,False
352A,ＬＯＩＶＥ,,,,,上場（グロース）,,サービス業,,JPX Growth Market,2025-12-26,2025-12-26,,352A,グロース（内国株式）,情報通信・サービスその他,-,True
3541,農業総合研究所,,,,,上場（グロース）,,卸売業,,JPX Growth Market,2025-12-26,2025-12-26,,3541,グロース（内国株式）,商社・卸売,-,False
3542,ベガコーポレーション,,,,,上場（グロース）,,小売業,,JPX Growth Market,2025-12-26,2025-12-26,,3542,グロース（内国株式）,小売,-,False
3550,スタジオアタオ,,,,,上場（グロース）,,小売業,,JPX Growth Market,2025-12-26,2025-12-26,,3550,グロース（内国株式）,小売,-,False
3556,リネットジャパングループ,,,,,上場（グロース）,,小売業,,JPX Growth Market,2025-12-26,2025-12-26,,3556,グロース（内国株式）,小売,-,False
3557,ユナイテッド＆コレクティブ,,,,,上場（グロース）,,小売業,,JPX Growth Market,2025-12-26,2025-12-26,,3557,グロース（内国株式）,小売,-,False
3558,ジェイドグループ,,,,,上場（グロース）,,小売業,,JPX Growth Market,2025-12-26,2025-12-26,,3558,グロース（内国株式）,小売,-,False
3566,ユニフォームネクスト,,,,,上場（グロース）,,小売業,,JPX Growth Market,2025-12-26,2025-12-26,,3566,グロース（内国株式）,小売,-,False
3622,ネットイヤーグループ,,,,,上場（グロース）,,情報・通信業,,JPX Growth Market,2025-12-26,2025-12-26,,3622,グロース（内国株式）,情報通信・サービスその他,-,True
3623,ビリングシステム,,,,,上場（グロース）,,情報・通信業,,JPX Growth Market,2025-12-26,2025-12-26,,3623,グロース（内国株式）,情報通信・サービスその他,-,True
3624,アクセルマーク,,,,,上場（グロース）,,情報・通信業,,JPX Growth Market,2025-12-26,2025-12-26,,3624,グロース（内国株式）,情報通信・サービスその他,-,True
3625,テックファームホールディングス,,,,,上場（グロース）,,情報・通信業,,JPX Growth Market,2025-12-26,2025-12-26,,3625,グロース（内国株式）,情報通信・サービスその他,-,True
3628,データホライゾン,,,,,上場（グロース）,,情報・通信業,,JPX Growth Market,2025-12-26,2025-12-26,,3628,グロース（内国株式）,情報通信・サービスその他,-,True
3645,メディカルネット,,,,,上場（グロース）,,情報・通信業,,JPX Growth Market,2025-12-26,2025-12-26,,3645,グロース（内国株式）,情報通信・サービスその他,-,True
3646,駅探,,,,,上場（グロース）,,情報・通信業,,JPX Growth Market,2025-12-26,2025-12-26,,3646,グロース（内国株式）,情報通信・サービスその他,-,True
3652,ディジタルメディアプロフェッショナル,,,,,上場（グロース）,,情報・通信業,,JPX Growth Market,2025-12-26,2025-12-26,,3652,グロース（内国株式）,情報通信・サービスその他,-,True
3653,モルフォ,,,,,上場（グロース）,,情報・通信業,,JPX Growth Market,2025-12-26,2025-12-26,,3653,グロース（内国株式）,情報通信・サービスその他,-,True
3664,モブキャストホールディングス,,,,,上場（グロース）,,情報・通信業,,JPX Growth Market,2025-12-26,2025-12-26,,3664,グロース（内国株式）,情報通信・サービスその他,-,True
366A,ウェルネス・コミュニケーションズ,,,,,上場（グロース）,,サービス業,,JPX Growth Market,2025-12-26,2025-12-26,,366A,グロース（内国株式）,情報通信・サービスその他,-,True
3671,ソフトマックス,,,,,上場（グロース）,,情報・通信業,,JPX Growth Market,2025-12-26,2025-12-26,,3671,グロース（内国株式）,情報通信・サービスその他,-,True
3674,オークファン,,,,,上場（グロース）,,情報・通信業,,JPX Growth Market,2025-12-26,2025-12-26,,3674,グロース（内国株式）,情報通信・サービスその他,-,True
3680,ホットリンク,,,,,上場（グロース）,,情報・通信業,,JPX Growth Market,2025-12-26,2025-12-26,,3680,グロース（内国株式）,情報通信・サービスその他,-,True
3691,デジタルプラス,,,,,上場（グロース）,,情報・通信業,,JPX Growth Market,2025-12-26,2025-12-26,,3691,グロース（内国株式）,情報通信・サービスその他,-,True
3692,ＦＦＲＩセキュリティ,,,,,上場（グロース）,,情報・通信業,,JPX Growth Market,2025-12-26,2025-12-26,,3692,グロース（内国株式）,情報通信・サービスその他,-,True
3695,ＧＭＯプロダクトプラットフォーム,,,,,上場（グロース）,,情報・通信業,,JPX Growth Market,2025-12-26,2025-12-26,,3695,グロース（内国株式）,情報通信・サービスその他,-,True
3698,ＣＲＩ・ミドルウェア,,,,,上場（グロース）,,情報・通信業,,JPX Growth Market,2025-12-26,2025-12-26,,3698,グロース（内国株式）,情報通信・サービスその他,-,True
369A,エータイ,,,,,上場（グロース）,,サービス業,,JPX Growth Market,2025-12-26,2025-12-26,,369A,グロース（内国株式）,情報通信・サービスその他,-,True
3723,日本ファルコム,,,,,上場（グロース）,,情報・通信業,,JPX Growth Market,2025-12-26,2025-12-26,,3723,グロース（内国株式）,情報通信・サービスその他,-,True
3727,アプリックス,,,,,上場（グロース）,,情報・通信業,,JPX Growth Market,2025-12-26,2025-12-26,,3727,グロース（内国株式）,情報通信・サービスその他,-,True
373A,リップス,,,,,上場（グロース）,,化学,,JPX Growth Market,2025-12-26,2025-12-26,,373A,グロース（内国株式）,素材・化学,-,False
3773,アドバンスト・メディア,,,,,上場（グロース）,,情報・通信業,,JPX Growth Market,2025-12-26,2025-12-26,,3773,グロース（内国株式）,情報通信・サービスその他,-,True
3777,環境フレンドリーホールディングス,,,,,上場（グロース）,,情報・通信業,,JPX Growth Market,2025-12-26,2025-12-26,,3777,グロース（内国株式）,情報通信・サービスその他,-,True
378A,ヒット,,,,,上場（グロース）,,サービス業,,JPX Growth Market,2025-12-26,2025-12-26,,378A,グロース（内国株式）,情報通信・サービスその他,-,True
3793,ドリコム,,,,,上場（グロース）,,情報・通信業,,JPX Growth Market,2025-12-26,2025-12-26,,3793,グロース（内国株式）,情報通信・サービスその他,-,True
3803,イメージ情報開発,,,,,上場（グロース）,,情報・通信業,,JPX Growth Market,2025-12-26,2025-12-26,,3803,グロース（内国株式）,情報通信・サービスその他,-,True
3807,フィスコ,,,,,上場（グロース）,,情報・通信業,,JPX Growth Market,2025-12-26,2025-12-26,,3807,グロース（内国株式）,情報通信・サービスその他,-,True
3815,メディア工房,,,,,上場（グロース）,,情報・通信業,,JPX Growth Market,2025-12-26,2025-12-26,,3815,グロース（内国株式）,情報通信・サービスその他,-,True
387A,フラー,,,,,上場（グロース）,,情報・通信業,,JPX Growth Market,2025-12-26,2025-12-26,,387A,グロース（内国株式）,情報通信・サービスその他,-,True
3900,クラウドワークス,,,,,上場（グロース）,,情報・通信業,,JPX Growth Market,2025-12-26,2025-12-26,,3900,グロース（内国株式）,情報通信・サービスその他,-,True
3904,カヤック,,,,,上場（グロース）,,情報・通信業,,JPX Growth Market,2025-12-26,2025-12-26,,3904,グロース（内国株式）,情報通信・サービスその他,-,True
3905,データセクション,,,,,上場（グロース）,,情報・通信業,,JPX Growth Market,2025-12-26,2025-12-26,,3905,グロース（内国株式）,情報通信・サービスその他,-,True
3907,シリコンスタジオ,,,,,上場（グロース）,,情報・通信業,,JPX Growth Market,2025-12-26,2025-12-26,,3907,グロース（内国株式）,情報通信・サービスその他,-,True
3908,コラボス,,,,,上場（グロース）,,情報・通信業,,JPX Growth Market,2025-12-26,2025-12-26,,3908,グロース（内国株式）,情報通信・サービスその他,-,True
3911,Ａｉｍｉｎｇ,,,,,上場（グロース）,,情報・通信業,,JPX Growth Market,2025-12-26,2025-12-26,,3911,グロース（内国株式）,情報通信・サービスその他,-,True
3913,ＧｒｅｅｎＢｅｅ,,,,,上場（グロース）,,情報・通信業,,JPX Growth Market,2025-12-26,2025-12-26,,3913,グロース（内国株式）,情報通信・サービスその他,-,True
3914,ＪＩＧ－ＳＡＷ,,,,,上場（グロース）,,情報・通信業,,JPX Growth Market,2025-12-26,2025-12-26,,3914,グロース（内国株式）,情報通信・サービスその他,-,True
3917,アイリッジ,,,,,上場（グロース）,,情報・通信業,,JPX Growth Market,2025-12-26,2025-12-26,,3917,グロース（内国株式）,情報通信・サービスその他,-,True
3927,フーバーブレイン,,,,,上場（グロース）,,情報・通信業,,JPX Growth Market,2025-12-26,2025-12-26,,3927,グロース（内国株式）,情報通信・サービスその他,-,True
3929,ソーシャルワイヤー,,,,,上場（グロース）,,情報・通信業,,JPX Growth Market,2025-12-26,2025-12-26,,3929,グロース（内国株式）,情報通信・サービスその他,-,True
3930,はてな,,,,,上場（グロース）,,情報・通信業,,JPX Growth Market,2025-12-26,2025-12-26,,3930,グロース（内国株式）,情報通信・サービスその他,-,True
3931,バリューゴルフ,,,,,上場（グロース）,,情報・通信業,,JPX Growth Market,2025-12-26,2025-12-26,,3931,グロース（内国株式）,情報通信・サービスその他,-,True
3936,グローバルウェイ,,,,,上場（グロース）,,情報・通信業,,JPX Growth Market,2025-12-26,2025-12-26,,3936,グロース（内国株式）,情報通信・サービスその他,-,True
3961,シルバーエッグ・テクノロジー,,,,,上場（グロース）,,情報・通信業,,JPX Growth Market,2025-12-26,2025-12-26,,3961,グロース（内国株式）,情報通信・サービスその他,-,True
3967,エルテス,,,,,上場（グロース）,,情報・通信業,,JPX Growth Market,2025-12-26,2025-12-26,,3967,グロース（内国株式）,情報通信・サービスその他,-,True
3970,イノベーション,,,,,上場（グロース）,,情報・通信業,,JPX Growth Market,2025-12-26,2025-12-26,,3970,グロース（内国株式）,情報通信・サービスその他,-,True
3976,シャノン,,,,,上場（グロース）,,情報・通信業,,JPX Growth Market,2025-12-26,2025-12-26,,3976,グロース（内国株式）,情報通信・サービスその他,-,True
3979,うるる,,,,,上場（グロース）,,情報・通信業,,JPX Growth Market,2025-12-26,2025-12-26,,3979,グロース（内国株式）,情報通信・サービスその他,-,True
3986,ビーブレイクシステムズ,,,,,上場（グロース）,,情報・通信業,,JPX Growth Market,2025-12-26,2025-12-26,,3986,グロース（内国株式）,情報通信・サービスその他,-,True
3987,エコモット,,,,,上場（グロース）,,情報・通信業,,JPX Growth Market,2025-12-26,2025-12-26,,3987,グロース（内国株式）,情報通信・サービスその他,-,True
3989,シェアリングテクノロジー,,,,,上場（グロース）,,情報・通信業,,JPX Growth Market,2025-12-26,2025-12-26,,3989,グロース（内国株式）,情報通信・サービスその他,-,True
3991,ウォンテッドリー,,,,,上場（グロース）,,情報・通信業,,JPX Growth Market,2025-12-26,2025-12-26,,3991,グロース（内国株式）,情報通信・サービスその他,-,True
3998,すららネット,,,,,上場（グロース）,,情報・通信業,,JPX Growth Market,2025-12-26,2025-12-26,,3998,グロース（内国株式）,情報通信・サービスその他,-,True
4011,ヘッドウォータース,,,,,上場（グロース）,,情報・通信業,,JPX Growth Market,2025-12-26,2025-12-26,,4011,グロース（内国株式）,情報通信・サービスその他,-,True
4013,勤次郎,,,,,上場（グロース）,,情報・通信業,,JPX Growth Market,2025-12-26,2025-12-26,,4013,グロース（内国株式）,情報通信・サービスその他,-,True
4014,カラダノート,,,,,上場（グロース）,,情報・通信業,,JPX Growth Market,2025-12-26,2025-12-26,,4014,グロース（内国株式）,情報通信・サービスその他,-,True
4015,ペイクラウドホールディングス,,,,,上場（グロース）,,情報・通信業,,JPX Growth Market,2025-12-26,2025-12-26,,4015,グロース（内国株式）,情報通信・サービスその他,-,True
4017,クリーマ,,,,,上場（グロース）,,情報・通信業,,JPX Growth Market,2025-12-26,2025-12-26,,4017,グロース（内国株式）,情報通信・サービスその他,-,True
4019,スタメン,,,,,上場（グロース）,,情報・通信業,,JPX Growth Market,2025-12-26,2025-12-26,,4019,グロース（内国株式）,情報通信・サービスその他,-,True
4020,ビートレンド,,,,,上場（グロース）,,情報・通信業,,JPX Growth Market,2025-12-26,2025-12-26,,4020,グロース（内国株式）,情報通信・サービスその他,-,True
402A,アクセルスペースホールディングス,,,,,上場（グロース）,,輸送用機器,,JPX Growth Market,2025-12-26,2025-12-26,,402A,グロース（内国株式）,自動車・輸送機,-,False
4052,フィーチャ,,,,,上場（グロース）,,情報・通信業,,JPX Growth Market,2025-12-26,2025-12-26,,4052,グロース（内国株式）,情報通信・サービスその他,-,True
4054,日本情報クリエイト,,,,,上場（グロース）,,情報・通信業,,JPX Growth Market,2025-12-26,2025-12-26,,4054,グロース（内国株式）,情報通信・サービスその他,-,True
4055,ティアンドエスグループ,,,,,上場（グロース）,,情報・通信業,,JPX Growth Market,2025-12-26,2025-12-26,,4055,グロース（内国株式）,情報通信・サービスその他,-,True
4056,ニューラルグループ,,,,,上場（グロース）,,情報・通信業,,JPX Growth Market,2025-12-26,2025-12-26,,4056,グロース（内国株式）,情報通信・サービスその他,-,True
4057,インターファクトリー,,,,,上場（グロース）,,情報・通信業,,JPX Growth Market,2025-12-26,2025-12-26,,4057,グロース（内国株式）,情報通信・サービスその他,-,True
4058,トヨクモ,,,,,上場（グロース）,,情報・通信業,,JPX Growth Market,2025-12-26,2025-12-26,,4058,グロース（内国株式）,情報通信・サービスその他,-,True
4060,ｒａｋｕｍｏ,,,,,上場（グロース）,,情報・通信業,,JPX Growth Market,2025-12-26,2025-12-26,,4060,グロース（内国株式）,情報通信・サービスその他,-,True
4068,ベイシス,,,,,上場（グロース）,,情報・通信業,,JPX Growth Market,2025-12-26,2025-12-26,,4068,グロース（内国株式）,情報通信・サービスその他,-,True
4069,ＢｌｕｅＭｅｍｅ,,,,,上場（グロース）,,情報・通信業,,JPX Growth Market,2025-12-26,2025-12-26,,4069,グロース（内国株式）,情報通信・サービスその他,-,True
4073,ジィ・シィ企画,,,,,上場（グロース）,,情報・通信業,,JPX Growth Market,2025-12-26,2025-12-26,,4073,グロース（内国株式）,情報通信・サービスその他,-,True
4074,ラキール,,,,,上場（グロース）,,情報・通信業,,JPX Growth Market,2025-12-26,2025-12-26,,4074,グロース（内国株式）,情報通信・サービスその他,-,True
4075,ブレインズテクノロジー,,,,,上場（グロース）,,情報・通信業,,JPX Growth Market,2025-12-26,2025-12-26,,4075,グロース（内国株式）,情報通信・サービスその他,-,True
4076,シイエヌエス,,,,,上場（グロース）,,情報・通信業,,JPX Growth Market,2025-12-26,2025-12-26,,4076,グロース（内国株式）,情報通信・サービスその他,-,True
410A,ＧＭＯコマース,,,,,上場（グロース）,,サービス業,,JPX Growth Market,2025-12-26,2025-12-26,,410A,グロース（内国株式）,情報通信・サービスその他,-,True
414A,オーバーラップホールディングス,,,,,上場（グロース）,,情報・通信業,,JPX Growth Market,2025-12-26,2025-12-26,,414A,グロース（内国株式）,情報通信・サービスその他,-,True
415A,ＧＭＯ　ＴＥＣＨホールディングス,,,,,上場（グロース）,,サービス業,,JPX Growth Market,2025-12-26,2025-12-26,,415A,グロース（内国株式）,情報通信・サービスその他,-,True
4165,プレイド,,,,,上場（グロース）,,情報・通信業,,JPX Growth Market,2025-12-26,2025-12-26,,4165,グロース（内国株式）,情報通信・サービスその他,-,True
4166,かっこ,,,,,上場（グロース）,,情報・通信業,,JPX Growth Market,2025-12-26,2025-12-26,,4166,グロース（内国株式）,情報通信・サービスその他,-,True
4167,ココペリ,,,,,上場（グロース）,,情報・通信業,,JPX Growth Market,2025-12-26,2025-12-26,,4167,グロース（内国株式）,情報通信・サービスその他,-,True
4168,ヤプリ,,,,,上場（グロース）,,情報・通信業,,JPX Growth Market,2025-12-26,2025-12-26,,4168,グロース（内国株式）,情報通信・サービスその他,-,True
4169,ＥＮＥＣＨＡＮＧＥ,,,,,上場（グロース）,,情報・通信業,,JPX Growth Market,2025-12-26,2025-12-26,,4169,グロース（内国株式）,情報通信・サービスその他,-,True
4170,Ｋａｉｚｅｎ　Ｐｌａｔｆｏｒｍ,,,,,上場（グロース）,,情報・通信業,,JPX Growth Market,2025-12-26,2025-12-26,,4170,グロース（内国株式）,情報通信・サービスその他,-,True
4175,ｃｏｌｙ,,,,,上場（グロース）,,情報・通信業,,JPX Growth Market,2025-12-26,2025-12-26,,4175,グロース（内国株式）,情報通信・サービスその他,-,True
4176,ココナラ,,,,,上場（グロース）,,情報・通信業,,JPX Growth Market,2025-12-26,2025-12-26,,4176,グロース（内国株式）,情報通信・サービスその他,-,True
4177,ｉ‐ｐｌｕｇ,,,,,上場（グロース）,,情報・通信業,,JPX Growth Market,2025-12-26,2025-12-26,,4177,グロース（内国株式）,情報通信・サービスその他,-,True
4178,Ｓｈａｒｉｎｇ　Ｉｎｎｏｖａｔｉｏｎｓ,,,,,上場（グロース）,,情報・通信業,,JPX Growth Market,2025-12-26,2025-12-26,,4178,グロース（内国株式）,情報通信・サービスその他,-,True
4179,ジーネクスト,,,,,上場（グロース）,,情報・通信業,,JPX Growth Market,2025-12-26,2025-12-26,,4179,グロース（内国株式）,情報通信・サービスその他,-,True
4192,スパイダープラス,,,,,上場（グロース）,,情報・通信業,,JPX Growth Market,2025-12-26,2025-12-26,,4192,グロース（内国株式）,情報通信・サービスその他,-,True
4199,ワンダープラネット,,,,,上場（グロース）,,情報・通信業,,JPX Growth Market,2025-12-26,2025-12-26,,4199,グロース（内国株式）,情報通信・サービスその他,-,True
421A,ムービン・ストラテジック・キャリア,,,,,上場（グロース）,,サービス業,,JPX Growth Market,2025-12-26,2025-12-26,,421A,グロース（内国株式）,情報通信・サービスその他,-,True
4240,クラスターテクノロジー,,,,,上場（グロース）,,化学,,JPX Growth Market,2025-12-26,2025-12-26,,4240,グロース（内国株式）,素材・化学,-,False
4255,ＴＨＥＣＯＯ,,,,,上場（グロース）,,情報・通信業,,JPX Growth Market,2025-12-26,2025-12-26,,4255,グロース（内国株式）,情報通信・サービスその他,-,True
4256,サインド,,,,,上場（グロース）,,情報・通信業,,JPX Growth Market,2025-12-26,2025-12-26,,4256,グロース（内国株式）,情報通信・サービスその他,-,True
4258,網屋,,,,,上場（グロース）,,情報・通信業,,JPX Growth Market,2025-12-26,2025-12-26,,4258,グロース（内国株式）,情報通信・サービスその他,-,True
4259,エクサウィザーズ,,,,,上場（グロース）,,情報・通信業,,JPX Growth Market,2025-12-26,2025-12-26,,4259,グロース（内国株式）,情報通信・サービスその他,-,True
4260,ハイブリッドテクノロジーズ,,,,,上場（グロース）,,情報・通信業,,JPX Growth Market,2025-12-26,2025-12-26,,4260,グロース（内国株式）,情報通信・サービスその他,-,True
4261,アジアクエスト,,,,,上場（グロース）,,情報・通信業,,JPX Growth Market,2025-12-26,2025-12-26,,4261,グロース（内国株式）,情報通信・サービスその他,-,True
4262,ニフティライフスタイル,,,,,上場（グロース）,,情報・通信業,,JPX Growth Market,2025-12-26,2025-12-26,,4262,グロース（内国株式）,情報通信・サービスその他,-,True
4263,サスメド,,,,,上場（グロース）,,情報・通信業,,JPX Growth Market,2025-12-26,2025-12-26,,4263,グロース（内国株式）,情報通信・サービスその他,-,True
4264,セキュア,,,,,上場（グロース）,,情報・通信業,,JPX Growth Market,2025-12-26,2025-12-26,,4264,グロース（内国株式）,情報通信・サービスその他,-,True
4265,Ｉｎｓｔｉｔｕｔｉｏｎ　ｆｏｒ　ａ　Ｇｌｏｂａｌ　Ｓｏｃｉｅｔｙ,,,,,上場（グロース）,,情報・通信業,,JPX Growth Market,2025-12-26,2025-12-26,,4265,グロース（内国株式）,情報通信・サービスその他,-,True
4270,ＢｅｅＸ,,,,,上場（グロース）,,情報・通信業,,JPX Growth Market,2025-12-26,2025-12-26,,4270,グロース（内国株式）,情報通信・サービスその他,-,True
4308,Ｊストリーム,,,,,上場（グロース）,,情報・通信業,,JPX Growth Market,2025-12-26,2025-12-26,,4308,グロース（内国株式）,情報通信・サービスその他,-,True
4316,ビーマップ,,,,,上場（グロース）,,情報・通信業,,JPX Growth Market,2025-12-26,2025-12-26,,4316,グロース（内国株式）,情報通信・サービスその他,-,True
431A,ユーソナー,,,,,上場（グロース）,,情報・通信業,,JPX Growth Market,2025-12-26,2025-12-26,,431A,グロース（内国株式）,情報通信・サービスその他,-,True
436A,サイバーソリューションズ,,,,,上場（グロース）,,情報・通信業,,JPX Growth Market,2025-12-26,2025-12-26,,436A,グロース（内国株式）,情報通信・サービスその他,-,True
4370,モビルス,,,,,上場（グロース）,,情報・通信業,,JPX Growth Market,2025-12-26,2025-12-26,,4370,グロース（内国株式）,情報通信・サービスその他,-,True
4371,コアコンセプト・テクノロジー,,,,,上場（グロース）,,情報・通信業,,JPX Growth Market,2025-12-26,2025-12-26,,4371,グロース（内国株式）,情報通信・サービスその他,-,True
4372,ユミルリンク,,,,,上場（グロース）,,情報・通信業,,JPX Growth Market,2025-12-26,2025-12-26,,4372,グロース（内国株式）,情報通信・サービスその他,-,True
4374,ＲＯＢＯＴ　ＰＡＹＭＥＮＴ,,,,,上場（グロース）,,情報・通信業,,JPX Growth Market,2025-12-26,2025-12-26,,4374,グロース（内国株式）,情報通信・サービスその他,-,True
4375,セーフィー,,,,,上場（グロース）,,情報・通信業,,JPX Growth Market,2025-12-26,2025-12-26,,4375,グロース（内国株式）,情報通信・サービスその他,-,True
4376,くふうカンパニーホールディングス,,,,,上場（グロース）,,情報・通信業,,JPX Growth Market,2025-12-26,2025-12-26,,4376,グロース（内国株式）,情報通信・サービスその他,-,True
4377,ワンキャリア,,,,,上場（グロース）,,情報・通信業,,JPX Growth Market,2025-12-26,2025-12-26,,4377,グロース（内国株式）,情報通信・サービスその他,-,True
4378,ＣＩＮＣ,,,,,上場（グロース）,,情報・通信業,,JPX Growth Market,2025-12-26,2025-12-26,,4378,グロース（内国株式）,情報通信・サービスその他,-,True
4379,Ｐｈｏｔｏｓｙｎｔｈ,,,,,上場（グロース）,,情報・通信業,,JPX Growth Market,2025-12-26,2025-12-26,,4379,グロース（内国株式）,情報通信・サービスその他,-,True
4380,Ｍマート,,,,,上場（グロース）,,情報・通信業,,JPX Growth Market,2025-12-26,2025-12-26,,4380,グロース（内国株式）,情報通信・サービスその他,-,True
4381,ビープラッツ,,,,,上場（グロース）,,情報・通信業,,JPX Growth Market,2025-12-26,2025-12-26,,4381,グロース（内国株式）,情報通信・サービスその他,-,True
4387,ＺＵＵ,,,,,上場（グロース）,,情報・通信業,,JPX Growth Market,2025-12-26,2025-12-26,,4387,グロース（内国株式）,情報通信・サービスその他,-,True
4388,エーアイ,,,,,上場（グロース）,,情報・通信業,,JPX Growth Market,2025-12-26,2025-12-26,,4388,グロース（内国株式）,情報通信・サービスその他,-,True
4389,プロパティデータバンク,,,,,上場（グロース）,,情報・通信業,,JPX Growth Market,2025-12-26,2025-12-26,,4389,グロース（内国株式）,情報通信・サービスその他,-,True
438A,インフキュリオン,,,,,上場（グロース）,,情報・通信業,,JPX Growth Market,2025-12-26,2025-12-26,,438A,グロース（内国株式）,情報通信・サービスその他,-,True
4391,ロジザード,,,,,上場（グロース）,,情報・通信業,,JPX Growth Market,2025-12-26,2025-12-26,,4391,グロース（内国株式）,情報通信・サービスその他,-,True
4393,バンク・オブ・イノベーション,,,,,上場（グロース）,,情報・通信業,,JPX Growth Market,2025-12-26,2025-12-26,,4393,グロース（内国株式）,情報通信・サービスその他,-,True
4394,エクスモーション,,,,,上場（グロース）,,情報・通信業,,JPX Growth Market,2025-12-26,2025-12-26,,4394,グロース（内国株式）,情報通信・サービスその他,-,True
4395,アクリート,,,,,上場（グロース）,,情報・通信業,,JPX Growth Market,2025-12-26,2025-12-26,,4395,グロース（内国株式）,情報通信・サービスその他,-,True
4397,チームスピリット,,,,,上場（グロース）,,情報・通信業,,JPX Growth Market,2025-12-26,2025-12-26,,4397,グロース（内国株式）,情報通信・サービスその他,-,True
4412,サイエンスアーツ,,,,,上場（グロース）,,情報・通信業,,JPX Growth Market,2025-12-26,2025-12-26,,4412,グロース（内国株式）,情報通信・サービスその他,-,True
4414,フレクト,,,,,上場（グロース）,,情報・通信業,,JPX Growth Market,2025-12-26,2025-12-26,,4414,グロース（内国株式）,情報通信・サービスその他,-,True
4415,ブロードエンタープライズ,,,,,上場（グロース）,,情報・通信業,,JPX Growth Market,2025-12-26,2025-12-26,,4415,グロース（内国株式）,情報通信・サービスその他,-,True
4416,Ｔｒｕｅ　Ｄａｔａ,,,,,上場（グロース）,,情報・通信業,,JPX Growth Market,2025-12-26,2025-12-26,,4416,グロース（内国株式）,情報通信・サービスその他,-,True
4417,グローバルセキュリティエキスパート,,,,,上場（グロース）,,情報・通信業,,JPX Growth Market,2025-12-26,2025-12-26,,4417,グロース（内国株式）,情報通信・サービスその他,-,True
4418,ＪＤＳＣ,,,,,上場（グロース）,,情報・通信業,,JPX Growth Market,2025-12-26,2025-12-26,,4418,グロース（内国株式）,情報通信・サービスその他,-,True
4419,Ｆｉｎａｔｅｘｔホールディングス,,,,,上場（グロース）,,情報・通信業,,JPX Growth Market,2025-12-26,2025-12-26,,4419,グロース（内国株式）,情報通信・サービスその他,-,True
441A,ＮＥ,,,,,上場（グロース）,,情報・通信業,,JPX Growth Market,2025-12-26,2025-12-26,,441A,グロース（内国株式）,情報通信・サービスその他,TOPIX Small 2,True
4422,ＶＡＬＵＥＮＥＸ,,,,,上場（グロース）,,情報・通信業,,JPX Growth Market,2025-12-26,2025-12-26,,4422,グロース（内国株式）,情報通信・サービスその他,-,True
4424,Ａｍａｚｉａ,,,,,上場（グロース）,,情報・通信業,,JPX Growth Market,2025-12-26,2025-12-26,,4424,グロース（内国株式）,情報通信・サービスその他,-,True
4425,Ｋｕｄａｎ,,,,,上場（グロース）,,情報・通信業,,JPX Growth Market,2025-12-26,2025-12-26,,4425,グロース（内国株式）,情報通信・サービスその他,-,True
4427,ＥｄｕＬａｂ,,,,,上場（グロース）,,情報・通信業,,JPX Growth Market,2025-12-26,2025-12-26,,4427,グロース（内国株式）,情報通信・サービスその他,-,True
4428,シノプス,,,,,上場（グロース）,,情報・通信業,,JPX Growth Market,2025-12-26,2025-12-26,,4428,グロース（内国株式）,情報通信・サービスその他,-,True
4429,リックソフト,,,,,上場（グロース）,,情報・通信業,,JPX Growth Market,2025-12-26,2025-12-26,,4429,グロース（内国株式）,情報通信・サービスその他,-,True
442A,クラシコ,,,,,上場（グロース）,,繊維製品,,JPX Growth Market,2025-12-26,2025-12-26,,442A,グロース（内国株式）,素材・化学,-,False
4431,スマレジ,,,,,上場（グロース）,,情報・通信業,,JPX Growth Market,2025-12-26,2025-12-26,,4431,グロース（内国株式）,情報通信・サービスその他,-,True
4436,ミンカブ・ジ・インフォノイド,,,,,上場（グロース）,,情報・通信業,,JPX Growth Market,2025-12-26,2025-12-26,,4436,グロース（内国株式）,情報通信・サービスその他,-,True
4437,ｇｏｏｄｄａｙｓホールディングス,,,,,上場（グロース）,,情報・通信業,,JPX Growth Market,2025-12-26,2025-12-26,,4437,グロース（内国株式）,情報通信・サービスその他,-,True
4438,Ｗｅｌｂｙ,,,,,上場（グロース）,,情報・通信業,,JPX Growth Market,2025-12-26,2025-12-26,,4438,グロース（内国株式）,情報通信・サービスその他,-,True
4442,バルテス・ホールディングス,,,,,上場（グロース）,,情報・通信業,,JPX Growth Market,2025-12-26,2025-12-26,,4442,グロース（内国株式）,情報通信・サービスその他,-,True
4444,インフォネット,,,,,上場（グロース）,,情報・通信業,,JPX Growth Market,2025-12-26,2025-12-26,,4444,グロース（内国株式）,情報通信・サービスその他,-,True
4445,リビン・テクノロジーズ,,,,,上場（グロース）,,情報・通信業,,JPX Growth Market,2025-12-26,2025-12-26,,4445,グロース（内国株式）,情報通信・サービスその他,-,True
4447,ピー・ビーシステムズ,,,,,上場（グロース）,,情報・通信業,,JPX Growth Market,2025-12-26,2025-12-26,,4447,グロース（内国株式）,情報通信・サービスその他,-,True
4448,ｋｕｂｅｌｌ,,,,,上場（グロース）,,情報・通信業,,JPX Growth Market,2025-12-26,2025-12-26,,4448,グロース（内国株式）,情報通信・サービスその他,-,True
4450,パワーソリューションズ,,,,,上場（グロース）,,情報・通信業,,JPX Growth Market,2025-12-26,2025-12-26,,4450,グロース（内国株式）,情報通信・サービスその他,-,True
446A,ノースサンド,,,,,上場（グロース）,,サービス業,,JPX Growth Market,2025-12-26,2025-12-26,,446A,グロース（内国株式）,情報通信・サービスその他,-,True
4475,ＨＥＮＮＧＥ,,,,,上場（グロース）,,情報・通信業,,JPX Growth Market,2025-12-26,2025-12-26,,4475,グロース（内国株式）,情報通信・サービスその他,-,True
4476,ＡＩ　ＣＲＯＳＳ,,,,,上場（グロース）,,情報・通信業,,JPX Growth Market,2025-12-26,2025-12-26,,4476,グロース（内国株式）,情報通信・サービスその他,-,True
4477,ＢＡＳＥ,,,,,上場（グロース）,,情報・通信業,,JPX Growth Market,2025-12-26,2025-12-26,,4477,グロース（内国株式）,情報通信・サービスその他,-,True
4478,フリー,,,,,上場（グロース）,,情報・通信業,,JPX Growth Market,2025-12-26,2025-12-26,,4478,グロース（内国株式）,情報通信・サービスその他,-,True
4479,マクアケ,,,,,上場（グロース）,,情報・通信業,,JPX Growth Market,2025-12-26,2025-12-26,,4479,グロース（内国株式）,情報通信・サービスその他,-,True
4482,ウィルズ,,,,,上場（グロース）,,情報・通信業,,JPX Growth Market,2025-12-26,2025-12-26,,4482,グロース（内国株式）,情報通信・サービスその他,-,True
4484,ランサーズ,,,,,上場（グロース）,,情報・通信業,,JPX Growth Market,2025-12-26,2025-12-26,,4484,グロース（内国株式）,情報通信・サービスその他,-,True
4486,ユナイトアンドグロウ,,,,,上場（グロース）,,情報・通信業,,JPX Growth Market,2025-12-26,2025-12-26,,4486,グロース（内国株式）,情報通信・サービスその他,-,True
4487,スペースマーケット,,,,,上場（グロース）,,情報・通信業,,JPX Growth Market,2025-12-26,2025-12-26,,4487,グロース（内国株式）,情報通信・サービスその他,-,True
4488,ＡＩ　ｉｎｓｉｄｅ,,,,,上場（グロース）,,情報・通信業,,JPX Growth Market,2025-12-26,2025-12-26,,4488,グロース（内国株式）,情報通信・サービスその他,-,True
4490,ビザスク,,,,,上場（グロース）,,情報・通信業,,JPX Growth Market,2025-12-26,2025-12-26,,4490,グロース（内国株式）,情報通信・サービスその他,-,True
4493,サイバーセキュリティクラウド,,,,,上場（グロース）,,情報・通信業,,JPX Growth Market,2025-12-26,2025-12-26,,4493,グロース（内国株式）,情報通信・サービスその他,-,True
4495,アイキューブドシステムズ,,,,,上場（グロース）,,情報・通信業,,JPX Growth Market,2025-12-26,2025-12-26,,4495,グロース（内国株式）,情報通信・サービスその他,-,True
4496,コマースＯｎｅホールディングス,,,,,上場（グロース）,,情報・通信業,,JPX Growth Market,2025-12-26,2025-12-26,,4496,グロース（内国株式）,情報通信・サービスその他,-,True
4498,サイバートラスト,,,,,上場（グロース）,,情報・通信業,,JPX Growth Market,2025-12-26,2025-12-26,,4498,グロース（内国株式）,情報通信・サービスその他,-,True
4563,アンジェス,,,,,上場（グロース）,,医薬品,,JPX Growth Market,2025-12-26,2025-12-26,,4563,グロース（内国株式）,医薬品,-,False
4564,オンコセラピー・サイエンス,,,,,上場（グロース）,,医薬品,,JPX Growth Market,2025-12-26,2025-12-26,,4564,グロース（内国株式）,医薬品,-,False
456A,ＨＵＭＡＮ　ＭＡＤＥ,,,,,上場（グロース）,,小売業,,JPX Growth Market,2025-12-26,2025-12-26,,456A,グロース（内国株式）,小売,-,False
4570,免疫生物研究所,,,,,上場（グロース）,,医薬品,,JPX Growth Market,2025-12-26,2025-12-26,,4570,グロース（内国株式）,医薬品,-,False
4571,ＮＡＮＯ　ＭＲＮＡ,,,,,上場（グロース）,,医薬品,,JPX Growth Market,2025-12-26,2025-12-26,,4571,グロース（内国株式）,医薬品,-,False
4572,カルナバイオサイエンス,,,,,上場（グロース）,,医薬品,,JPX Growth Market,2025-12-26,2025-12-26,,4572,グロース（内国株式）,医薬品,-,False
4575,キャンバス,,,,,上場（グロース）,,医薬品,,JPX Growth Market,2025-12-26,2025-12-26,,4575,グロース（内国株式）,医薬品,-,False
4576,デ・ウエスタン・セラピテクス研究所,,,,,上場（グロース）,,医薬品,,JPX Growth Market,2025-12-26,2025-12-26,,4576,グロース（内国株式）,医薬品,-,False
4579,ラクオリア創薬,,,,,上場（グロース）,,医薬品,,JPX Growth Market,2025-12-26,2025-12-26,,4579,グロース（内国株式）,医薬品,-,False
4582,シンバイオ製薬,,,,,上場（グロース）,,医薬品,,JPX Growth Market,2025-12-26,2025-12-26,,4582,グロース（内国株式）,医薬品,-,False
4583,カイオム・バイオサイエンス,,,,,上場（グロース）,,医薬品,,JPX Growth Market,2025-12-26,2025-12-26,,4583,グロース（内国株式）,医薬品,-,False
4584,キッズウェル・バイオ,,,,,上場（グロース）,,医薬品,,JPX Growth Market,2025-12-26,2025-12-26,,4584,グロース（内国株式）,医薬品,-,False
4586,メドレックス,,,,,上場（グロース）,,医薬品,,JPX Growth Market,2025-12-26,2025-12-26,,4586,グロース（内国株式）,医薬品,-,False
4588,オンコリスバイオファーマ,,,,,上場（グロース）,,医薬品,,JPX Growth Market,2025-12-26,2025-12-26,,4588,グロース（内国株式）,医薬品,-,False
4591,リボミック,,,,,上場（グロース）,,医薬品,,JPX Growth Market,2025-12-26,2025-12-26,,4591,グロース（内国株式）,医薬品,-,False
4592,サンバイオ,,,,,上場（グロース）,,医薬品,,JPX Growth Market,2025-12-26,2025-12-26,,4592,グロース（内国株式）,医薬品,-,False
4593,ヘリオス,,,,,上場（グロース）,,医薬品,,JPX Growth Market,2025-12-26,2025-12-26,,4593,グロース（内国株式）,医薬品,-,False
4594,ブライトパス・バイオ,,,,,上場（グロース）,,医薬品,,JPX Growth Market,2025-12-26,2025-12-26,,4594,グロース（内国株式）,医薬品,-,False
4596,窪田製薬ホールディングス,,,,,上場（グロース）,,医薬品,,JPX Growth Market,2025-12-26,2025-12-26,,4596,グロース（内国株式）,医薬品,-,False
4597,ソレイジア・ファーマ,,,,,上場（グロース）,,医薬品,,JPX Growth Market,2025-12-26,2025-12-26,,4597,グロース（内国株式）,医薬品,-,False
4598,Ｄｅｌｔａ－Ｆｌｙ　Ｐｈａｒｍａ,,,,,上場（グロース）,,医薬品,,JPX Growth Market,2025-12-26,2025-12-26,,4598,グロース（内国株式）,医薬品,-,False
4599,ステムリム,,,,,上場（グロース）,,医薬品,,JPX Growth Market,2025-12-26,2025-12-26,,4599,グロース（内国株式）,医薬品,-,False
4772,ＳＭ　ＥＮＴＥＲＴＡＩＮＭＥＮＴ　ＪＡＰＡＮ,,,,,上場（グロース）,,情報・通信業,,JPX Growth Market,2025-12-26,2025-12-26,,4772,グロース（内国株式）,情報通信・サービスその他,-,True
4811,ドリーム・アーツ,,,,,上場（グロース）,,情報・通信業,,JPX Growth Market,2025-12-26,2025-12-26,,4811,グロース（内国株式）,情報通信・サービスその他,-,True
4833,Ｄｅｆ　ｃｏｎｓｕｌｔｉｎｇ,,,,,上場（グロース）,,サービス業,,JPX Growth Market,2025-12-26,2025-12-26,,4833,グロース（内国株式）,情報通信・サービスその他,-,True
4840,トライアイズ,,,,,上場（グロース）,,サービス業,,JPX Growth Market,2025-12-26,2025-12-26,,4840,グロース（内国株式）,情報通信・サービスその他,-,True
4881,ファンペップ,,,,,上場（グロース）,,医薬品,,JPX Growth Market,2025-12-26,2025-12-26,,4881,グロース（内国株式）,医薬品,-,False
4882,ペルセウスプロテオミクス,,,,,上場（グロース）,,医薬品,,JPX Growth Market,2025-12-26,2025-12-26,,4882,グロース（内国株式）,医薬品,-,False
4883,モダリス,,,,,上場（グロース）,,医薬品,,JPX Growth Market,2025-12-26,2025-12-26,,4883,グロース（内国株式）,医薬品,-,False
4884,クリングルファーマ,,,,,上場（グロース）,,医薬品,,JPX Growth Market,2025-12-26,2025-12-26,,4884,グロース（内国株式）,医薬品,-,False
4888,ステラファーマ,,,,,上場（グロース）,,医薬品,,JPX Growth Market,2025-12-26,2025-12-26,,4888,グロース（内国株式）,医薬品,-,False
4889,レナサイエンス,,,,,上場（グロース）,,医薬品,,JPX Growth Market,2025-12-26,2025-12-26,,4889,グロース（内国株式）,医薬品,-,False
4890,坪田ラボ,,,,,上場（グロース）,,医薬品,,JPX Growth Market,2025-12-26,2025-12-26,,4890,グロース（内国株式）,医薬品,-,False
4891,ティムス,,,,,上場（グロース）,,医薬品,,JPX Growth Market,2025-12-26,2025-12-26,,4891,グロース（内国株式）,医薬品,-,False
4892,サイフューズ,,,,,上場（グロース）,,医薬品,,JPX Growth Market,2025-12-26,2025-12-26,,4892,グロース（内国株式）,医薬品,-,False
4893,ノイルイミューン・バイオテック,,,,,上場（グロース）,,医薬品,,JPX Growth Market,2025-12-26,2025-12-26,,4893,グロース（内国株式）,医薬品,-,False
4894,クオリプス,,,,,上場（グロース）,,医薬品,,JPX Growth Market,2025-12-26,2025-12-26,,4894,グロース（内国株式）,医薬品,-,False
4896,ケイファーマ,,,,,上場（グロース）,,医薬品,,JPX Growth Market,2025-12-26,2025-12-26,,4896,グロース（内国株式）,医薬品,-,False
4934,プレミアアンチエイジング,,,,,上場（グロース）,,化学,,JPX Growth Market,2025-12-26,2025-12-26,,4934,グロース（内国株式）,素材・化学,-,False
4937,Ｗａｑｏｏ,,,,,上場（グロース）,,化学,,JPX Growth Market,2025-12-26,2025-12-26,,4937,グロース（内国株式）,素材・化学,-,False
4978,リプロセル,,,,,上場（グロース）,,化学,,JPX Growth Market,2025-12-26,2025-12-26,,4978,グロース（内国株式）,素材・化学,-,False
5025,マーキュリー,,,,,上場（グロース）,,情報・通信業,,JPX Growth Market,2025-12-26,2025-12-26,,5025,グロース（内国株式）,情報通信・サービスその他,-,True
5026,トリプルアイズ,,,,,上場（グロース）,,情報・通信業,,JPX Growth Market,2025-12-26,2025-12-26,,5026,グロース（内国株式）,情報通信・サービスその他,-,True
5027,ＡｎｙＭｉｎｄ　Ｇｒｏｕｐ,,,,,上場（グロース）,,情報・通信業,,JPX Growth Market,2025-12-26,2025-12-26,,5027,グロース（内国株式）,情報通信・サービスその他,-,True
5028,セカンドサイトアナリティカ,,,,,上場（グロース）,,情報・通信業,,JPX Growth Market,2025-12-26,2025-12-26,,5028,グロース（内国株式）,情報通信・サービスその他,-,True
5029,サークレイス,,,,,上場（グロース）,,情報・通信業,,JPX Growth Market,2025-12-26,2025-12-26,,5029,グロース（内国株式）,情報通信・サービスその他,-,True
5031,モイ,,,,,上場（グロース）,,情報・通信業,,JPX Growth Market,2025-12-26,2025-12-26,,5031,グロース（内国株式）,情報通信・サービスその他,-,True
5033,ヌーラボ,,,,,上場（グロース）,,情報・通信業,,JPX Growth Market,2025-12-26,2025-12-26,,5033,グロース（内国株式）,情報通信・サービスその他,-,True
5034,ｕｎｅｒｒｙ,,,,,上場（グロース）,,情報・通信業,,JPX Growth Market,2025-12-26,2025-12-26,,5034,グロース（内国株式）,情報通信・サービスその他,-,True
5035,ＨＯＵＳＥＩ,,,,,上場（グロース）,,情報・通信業,,JPX Growth Market,2025-12-26,2025-12-26,,5035,グロース（内国株式）,情報通信・サービスその他,-,True
5038,ｅＷｅＬＬ,,,,,上場（グロース）,,情報・通信業,,JPX Growth Market,2025-12-26,2025-12-26,,5038,グロース（内国株式）,情報通信・サービスその他,-,True
5070,ドラフト,,,,,上場（グロース）,,建設業,,JPX Growth Market,2025-12-26,2025-12-26,,5070,グロース（内国株式）,建設・資材,-,False
5125,ファインズ,,,,,上場（グロース）,,情報・通信業,,JPX Growth Market,2025-12-26,2025-12-26,,5125,グロース（内国株式）,情報通信・サービスその他,-,True
5126,ポーターズ,,,,,上場（グロース）,,情報・通信業,,JPX Growth Market,2025-12-26,2025-12-26,,5126,グロース（内国株式）,情報通信・サービスその他,-,True
5129,ＦＩＸＥＲ,,,,,上場（グロース）,,情報・通信業,,JPX Growth Market,2025-12-26,2025-12-26,,5129,グロース（内国株式）,情報通信・サービスその他,-,True
5131,リンカーズ,,,,,上場（グロース）,,情報・通信業,,JPX Growth Market,2025-12-26,2025-12-26,,5131,グロース（内国株式）,情報通信・サービスその他,-,True
5132,ｐｌｕｓｚｅｒｏ,,,,,上場（グロース）,,情報・通信業,,JPX Growth Market,2025-12-26,2025-12-26,,5132,グロース（内国株式）,情報通信・サービスその他,-,True
5134,ＰＯＰＥＲ,,,,,上場（グロース）,,情報・通信業,,JPX Growth Market,2025-12-26,2025-12-26,,5134,グロース（内国株式）,情報通信・サービスその他,-,True
5136,ｔｒｉｐｌａ,,,,,上場（グロース）,,情報・通信業,,JPX Growth Market,2025-12-26,2025-12-26,,5136,グロース（内国株式）,情報通信・サービスその他,-,True
5137,スマートドライブ,,,,,上場（グロース）,,情報・通信業,,JPX Growth Market,2025-12-26,2025-12-26,,5137,グロース（内国株式）,情報通信・サービスその他,-,True
5138,Ｒｅｂａｓｅ,,,,,上場（グロース）,,情報・通信業,,JPX Growth Market,2025-12-26,2025-12-26,,5138,グロース（内国株式）,情報通信・サービスその他,-,True
5139,オープンワーク,,,,,上場（グロース）,,情報・通信業,,JPX Growth Market,2025-12-26,2025-12-26,,5139,グロース（内国株式）,情報通信・サービスその他,-,True
5240,ｍｏｎｏＡＩ　ｔｅｃｈｎｏｌｏｇｙ,,,,,上場（グロース）,,情報・通信業,,JPX Growth Market,2025-12-26,2025-12-26,,5240,グロース（内国株式）,情報通信・サービスその他,-,True
5242,アイズ,,,,,上場（グロース）,,情報・通信業,,JPX Growth Market,2025-12-26,2025-12-26,,5242,グロース（内国株式）,情報通信・サービスその他,-,True
5243,ｎｏｔｅ,,,,,上場（グロース）,,情報・通信業,,JPX Growth Market,2025-12-26,2025-12-26,,5243,グロース（内国株式）,情報通信・サービスその他,-,True
5244,ｊｉｇ．ｊｐ,,,,,上場（グロース）,,情報・通信業,,JPX Growth Market,2025-12-26,2025-12-26,,5244,グロース（内国株式）,情報通信・サービスその他,-,True
5246,ＥＬＥＭＥＮＴＳ,,,,,上場（グロース）,,情報・通信業,,JPX Growth Market,2025-12-26,2025-12-26,,5246,グロース（内国株式）,情報通信・サービスその他,-,True
5247,ＢＴＭ,,,,,上場（グロース）,,情報・通信業,,JPX Growth Market,2025-12-26,2025-12-26,,5247,グロース（内国株式）,情報通信・サービスその他,-,True
5248,テクノロジーズ,,,,,上場（グロース）,,情報・通信業,,JPX Growth Market,2025-12-26,2025-12-26,,5248,グロース（内国株式）,情報通信・サービスその他,-,True
5252,日本ナレッジ,,,,,上場（グロース）,,情報・通信業,,JPX Growth Market,2025-12-26,2025-12-26,,5252,グロース（内国株式）,情報通信・サービスその他,-,True
5253,カバー,,,,,上場（グロース）,,情報・通信業,,JPX Growth Market,2025-12-26,2025-12-26,,5253,グロース（内国株式）,情報通信・サービスその他,-,True
5254,Ａｒｅｎｔ,,,,,上場（グロース）,,情報・通信業,,JPX Growth Market,2025-12-26,2025-12-26,,5254,グロース（内国株式）,情報通信・サービスその他,-,True
5255,モンスターラボ,,,,,上場（グロース）,,情報・通信業,,JPX Growth Market,2025-12-26,2025-12-26,,5255,グロース（内国株式）,情報通信・サービスその他,-,True
5256,Ｆｕｓｉｃ,,,,,上場（グロース）,,情報・通信業,,JPX Growth Market,2025-12-26,2025-12-26,,5256,グロース（内国株式）,情報通信・サービスその他,-,True
5258,トランザクション・メディア・ネットワークス,,,,,上場（グロース）,,情報・通信業,,JPX Growth Market,2025-12-26,2025-12-26,,5258,グロース（内国株式）,情報通信・サービスその他,-,True
5259,ＢＢＤイニシアティブ,,,,,上場（グロース）,,情報・通信業,,JPX Growth Market,2025-12-26,2025-12-26,,5259,グロース（内国株式）,情報通信・サービスその他,-,True
5527,ｐｒｏｐｅｒｔｙ　ｔｅｃｈｎｏｌｏｇｉｅｓ,,,,,上場（グロース）,,不動産業,,JPX Growth Market,2025-12-26,2025-12-26,,5527,グロース（内国株式）,不動産,-,False
5532,リアルゲイト,,,,,上場（グロース）,,不動産業,,JPX Growth Market,2025-12-26,2025-12-26,,5532,グロース（内国株式）,不動産,-,False
5570,ジェノバ,,,,,上場（グロース）,,情報・通信業,,JPX Growth Market,2025-12-26,2025-12-26,,5570,グロース（内国株式）,情報通信・サービスその他,-,True
5572,Ｒｉｄｇｅ－ｉ,,,,,上場（グロース）,,情報・通信業,,JPX Growth Market,2025-12-26,2025-12-26,,5572,グロース（内国株式）,情報通信・サービスその他,-,True
5574,ＡＢＥＪＡ,,,,,上場（グロース）,,情報・通信業,,JPX Growth Market,2025-12-26,2025-12-26,,5574,グロース（内国株式）,情報通信・サービスその他,-,True
5575,Ｇｌｏｂｅｅ,,,,,上場（グロース）,,情報・通信業,,JPX Growth Market,2025-12-26,2025-12-26,,5575,グロース（内国株式）,情報通信・サービスその他,-,True
5578,ＡＲアドバンストテクノロジ,,,,,上場（グロース）,,情報・通信業,,JPX Growth Market,2025-12-26,2025-12-26,,5578,グロース（内国株式）,情報通信・サービスその他,-,True
5580,プロディライト,,,,,上場（グロース）,,情報・通信業,,JPX Growth Market,2025-12-26,2025-12-26,,5580,グロース（内国株式）,情報通信・サービスその他,-,True
5582,グリッド,,,,,上場（グロース）,,情報・通信業,,JPX Growth Market,2025-12-26,2025-12-26,,5582,グロース（内国株式）,情報通信・サービスその他,-,True
5586,Ｌａｂｏｒｏ．ＡＩ,,,,,上場（グロース）,,情報・通信業,,JPX Growth Market,2025-12-26,2025-12-26,,5586,グロース（内国株式）,情報通信・サービスその他,-,True
5587,インバウンドプラットフォーム,,,,,上場（グロース）,,情報・通信業,,JPX Growth Market,2025-12-26,2025-12-26,,5587,グロース（内国株式）,情報通信・サービスその他,-,True
5588,ファーストアカウンティング,,,,,上場（グロース）,,情報・通信業,,JPX Growth Market,2025-12-26,2025-12-26,,5588,グロース（内国株式）,情報通信・サービスその他,-,True
5590,ネットスターズ,,,,,上場（グロース）,,情報・通信業,,JPX Growth Market,2025-12-26,2025-12-26,,5590,グロース（内国株式）,情報通信・サービスその他,-,True
5591,ＡＶＩＬＥＮ,,,,,上場（グロース）,,情報・通信業,,JPX Growth Market,2025-12-26,2025-12-26,,5591,グロース（内国株式）,情報通信・サービスその他,-,True
5592,くすりの窓口,,,,,上場（グロース）,,情報・通信業,,JPX Growth Market,2025-12-26,2025-12-26,,5592,グロース（内国株式）,情報通信・サービスその他,-,True
5596,アウトルックコンサルティング,,,,,上場（グロース）,,情報・通信業,,JPX Growth Market,2025-12-26,2025-12-26,,5596,グロース（内国株式）,情報通信・サービスその他,-,True
5597,ブルーイノベーション,,,,,上場（グロース）,,情報・通信業,,JPX Growth Market,2025-12-26,2025-12-26,,5597,グロース（内国株式）,情報通信・サービスその他,-,True
5599,Ｓ＆Ｊ,,,,,上場（グロース）,,情報・通信業,,JPX Growth Market,2025-12-26,2025-12-26,,5599,グロース（内国株式）,情報通信・サービスその他,-,True
5616,雨風太陽,,,,,上場（グロース）,,情報・通信業,,JPX Growth Market,2025-12-26,2025-12-26,,5616,グロース（内国株式）,情報通信・サービスその他,-,True
5618,ナイル,,,,,上場（グロース）,,情報・通信業,,JPX Growth Market,2025-12-26,2025-12-26,,5618,グロース（内国株式）,情報通信・サービスその他,-,True
5619,マーソ,,,,,上場（グロース）,,情報・通信業,,JPX Growth Market,2025-12-26,2025-12-26,,5619,グロース（内国株式）,情報通信・サービスその他,-,True
5621,ヒューマンテクノロジーズ,,,,,上場（グロース）,,情報・通信業,,JPX Growth Market,2025-12-26,2025-12-26,,5621,グロース（内国株式）,情報通信・サービスその他,-,True
5704,ＪＭＣ,,,,,上場（グロース）,,非鉄金属,,JPX Growth Market,2025-12-26,2025-12-26,,5704,グロース（内国株式）,鉄鋼・非鉄,-,False
5834,ＳＢＩリーシングサービス,,,,,上場（グロース）,,証券、商品先物取引業,,JPX Growth Market,2025-12-26,2025-12-26,,5834,グロース（内国株式）,金融（除く銀行）,-,False
5842,インテグラル,,,,,上場（グロース）,,証券、商品先物取引業,,JPX Growth Market,2025-12-26,2025-12-26,,5842,グロース（内国株式）,金融（除く銀行）,-,False
5858,ＳＴＧ,,,,,上場（グロース）,,非鉄金属,,JPX Growth Market,2025-12-26,2025-12-26,,5858,グロース（内国株式）,鉄鋼・非鉄,-,False
5867,エスネットワークス,,,,,上場（グロース）,,サービス業,,JPX Growth Market,2025-12-26,2025-12-26,,5867,グロース（内国株式）,情報通信・サービスその他,-,True
5870,ナルネットコミュニケーションズ,,,,,上場（グロース）,,サービス業,,JPX Growth Market,2025-12-26,2025-12-26,,5870,グロース（内国株式）,情報通信・サービスその他,-,True
5884,クラダシ,,,,,上場（グロース）,,小売業,,JPX Growth Market,2025-12-26,2025-12-26,,5884,グロース（内国株式）,小売,-,False
5888,ＤＡＩＷＡ　ＣＹＣＬＥ,,,,,上場（グロース）,,小売業,,JPX Growth Market,2025-12-26,2025-12-26,,5888,グロース（内国株式）,小売,-,False
5892,ｙｕｔｏｒｉ,,,,,上場（グロース）,,小売業,,JPX Growth Market,2025-12-26,2025-12-26,,5892,グロース（内国株式）,小売,-,False
6027,弁護士ドットコム,,,,,上場（グロース）,,サービス業,,JPX Growth Market,2025-12-26,2025-12-26,,6027,グロース（内国株式）,情報通信・サービスその他,-,True
6030,アドベンチャー,,,,,上場（グロース）,,サービス業,,JPX Growth Market,2025-12-26,2025-12-26,,6030,グロース（内国株式）,情報通信・サービスその他,-,True
6031,ＺＥＴＡ,,,,,上場（グロース）,,サービス業,,JPX Growth Market,2025-12-26,2025-12-26,,6031,グロース（内国株式）,情報通信・サービスその他,-,True
6033,エクストリーム,,,,,上場（グロース）,,サービス業,,JPX Growth Market,2025-12-26,2025-12-26,,6033,グロース（内国株式）,情報通信・サービスその他,-,True
6034,ＭＲＴ,,,,,上場（グロース）,,サービス業,,JPX Growth Market,2025-12-26,2025-12-26,,6034,グロース（内国株式）,情報通信・サービスその他,-,True
6038,イード,,,,,上場（グロース）,,サービス業,,JPX Growth Market,2025-12-26,2025-12-26,,6038,グロース（内国株式）,情報通信・サービスその他,-,True
6039,日本動物高度医療センター,,,,,上場（グロース）,,サービス業,,JPX Growth Market,2025-12-26,2025-12-26,,6039,グロース（内国株式）,情報通信・サービスその他,-,True
6040,日本スキー場開発,,,,,上場（グロース）,,サービス業,,JPX Growth Market,2025-12-26,2025-12-26,,6040,グロース（内国株式）,情報通信・サービスその他,-,True
6045,レントラックス,,,,,上場（グロース）,,サービス業,,JPX Growth Market,2025-12-26,2025-12-26,,6045,グロース（内国株式）,情報通信・サービスその他,-,True
6046,リンクバル,,,,,上場（グロース）,,サービス業,,JPX Growth Market,2025-12-26,2025-12-26,,6046,グロース（内国株式）,情報通信・サービスその他,-,True
6049,イトクロ,,,,,上場（グロース）,,サービス業,,JPX Growth Market,2025-12-26,2025-12-26,,6049,グロース（内国株式）,情報通信・サービスその他,-,True
6069,トレンダーズ,,,,,上場（グロース）,,サービス業,,JPX Growth Market,2025-12-26,2025-12-26,,6069,グロース（内国株式）,情報通信・サービスその他,-,True
6072,地盤ネットホールディングス,,,,,上場（グロース）,,サービス業,,JPX Growth Market,2025-12-26,2025-12-26,,6072,グロース（内国株式）,情報通信・サービスその他,-,True
6081,アライドアーキテクツ,,,,,上場（グロース）,,サービス業,,JPX Growth Market,2025-12-26,2025-12-26,,6081,グロース（内国株式）,情報通信・サービスその他,-,True
6085,アーキテクツ・スタジオ・ジャパン,,,,,上場（グロース）,,サービス業,,JPX Growth Market,2025-12-26,2025-12-26,,6085,グロース（内国株式）,情報通信・サービスその他,-,True
6086,シンメンテホールディングス,,,,,上場（グロース）,,サービス業,,JPX Growth Market,2025-12-26,2025-12-26,,6086,グロース（内国株式）,情報通信・サービスその他,-,True
6094,フリークアウト・ホールディングス,,,,,上場（グロース）,,サービス業,,JPX Growth Market,2025-12-26,2025-12-26,,6094,グロース（内国株式）,情報通信・サービスその他,-,True
6166,中村超硬,,,,,上場（グロース）,,機械,,JPX Growth Market,2025-12-26,2025-12-26,,6166,グロース（内国株式）,機械,-,False
6173,アクアライン,,,,,上場（グロース）,,サービス業,,JPX Growth Market,2025-12-26,2025-12-26,,6173,グロース（内国株式）,情報通信・サービスその他,-,True
6177,ＡｐｐＢａｎｋ,,,,,上場（グロース）,,サービス業,,JPX Growth Market,2025-12-26,2025-12-26,,6177,グロース（内国株式）,情報通信・サービスその他,-,True
6180,ＧＭＯメディア,,,,,上場（グロース）,,サービス業,,JPX Growth Market,2025-12-26,2025-12-26,,6180,グロース（内国株式）,情報通信・サービスその他,-,True
6181,タメニー,,,,,上場（グロース）,,サービス業,,JPX Growth Market,2025-12-26,2025-12-26,,6181,グロース（内国株式）,情報通信・サービスその他,-,True
6182,メタリアル,,,,,上場（グロース）,,サービス業,,JPX Growth Market,2025-12-26,2025-12-26,,6182,グロース（内国株式）,情報通信・サービスその他,-,True
6190,フェニックスバイオ,,,,,上場（グロース）,,サービス業,,JPX Growth Market,2025-12-26,2025-12-26,,6190,グロース（内国株式）,情報通信・サービスその他,-,True
6193,バーチャレクス・ホールディングス,,,,,上場（グロース）,,サービス業,,JPX Growth Market,2025-12-26,2025-12-26,,6193,グロース（内国株式）,情報通信・サービスその他,-,True
6195,ホープ,,,,,上場（グロース）,,サービス業,,JPX Growth Market,2025-12-26,2025-12-26,,6195,グロース（内国株式）,情報通信・サービスその他,-,True
6198,キャリア,,,,,上場（グロース）,,サービス業,,JPX Growth Market,2025-12-26,2025-12-26,,6198,グロース（内国株式）,情報通信・サービスその他,-,True
6224,ＪＲＣ,,,,,上場（グロース）,,機械,,JPX Growth Market,2025-12-26,2025-12-26,,6224,グロース（内国株式）,機械,-,False
6232,ＡＣＳＬ,,,,,上場（グロース）,,機械,,JPX Growth Market,2025-12-26,2025-12-26,,6232,グロース（内国株式）,機械,-,False
6255,エヌ・ピー・シー,,,,,上場（グロース）,,機械,,JPX Growth Market,2025-12-26,2025-12-26,,6255,グロース（内国株式）,機械,-,False
6521,オキサイド,,,,,上場（グロース）,,電気機器,,JPX Growth Market,2025-12-26,2025-12-26,,6521,グロース（内国株式）,電機・精密,-,False
6522,アスタリスク,,,,,上場（グロース）,,電気機器,,JPX Growth Market,2025-12-26,2025-12-26,,6522,グロース（内国株式）,電機・精密,-,False
6537,ＷＡＳＨハウス,,,,,上場（グロース）,,サービス業,,JPX Growth Market,2025-12-26,2025-12-26,,6537,グロース（内国株式）,情報通信・サービスその他,-,True
6545,インターネットインフィニティー,,,,,上場（グロース）,,サービス業,,JPX Growth Market,2025-12-26,2025-12-26,,6545,グロース（内国株式）,情報通信・サービスその他,-,True
6548,旅工房,,,,,上場（グロース）,,サービス業,,JPX Growth Market,2025-12-26,2025-12-26,,6548,グロース（内国株式）,情報通信・サービスその他,-,True
6554,エスユーエス,,,,,上場（グロース）,,サービス業,,JPX Growth Market,2025-12-26,2025-12-26,,6554,グロース（内国株式）,情報通信・サービスその他,-,True
6557,ＡＩＡＩグループ,,,,,上場（グロース）,,サービス業,,JPX Growth Market,2025-12-26,2025-12-26,,6557,グロース（内国株式）,情報通信・サービスその他,-,True
6558,クックビズ,,,,,上場（グロース）,,サービス業,,JPX Growth Market,2025-12-26,2025-12-26,,6558,グロース（内国株式）,情報通信・サービスその他,-,True
6561,ＨＡＮＡＴＯＵＲ　ＪＡＰＡＮ,,,,,上場（グロース）,,サービス業,,JPX Growth Market,2025-12-26,2025-12-26,,6561,グロース（内国株式）,情報通信・サービスその他,-,True
6562,ジーニー,,,,,上場（グロース）,,サービス業,,JPX Growth Market,2025-12-26,2025-12-26,,6562,グロース（内国株式）,情報通信・サービスその他,-,True
6563,みらいワークス,,,,,上場（グロース）,,サービス業,,JPX Growth Market,2025-12-26,2025-12-26,,6563,グロース（内国株式）,情報通信・サービスその他,-,True
6568,神戸天然物化学,,,,,上場（グロース）,,サービス業,,JPX Growth Market,2025-12-26,2025-12-26,,6568,グロース（内国株式）,情報通信・サービスその他,-,True
6573,アジャイルメディア・ネットワーク,,,,,上場（グロース）,,サービス業,,JPX Growth Market,2025-12-26,2025-12-26,,6573,グロース（内国株式）,情報通信・サービスその他,-,True
6574,コンヴァノ,,,,,上場（グロース）,,サービス業,,JPX Growth Market,2025-12-26,2025-12-26,,6574,グロース（内国株式）,情報通信・サービスその他,-,True
6577,ベストワンドットコム,,,,,上場（グロース）,,サービス業,,JPX Growth Market,2025-12-26,2025-12-26,,6577,グロース（内国株式）,情報通信・サービスその他,-,True
6579,ログリー,,,,,上場（グロース）,,サービス業,,JPX Growth Market,2025-12-26,2025-12-26,,6579,グロース（内国株式）,情報通信・サービスその他,-,True
6580,ライトアップ,,,,,上場（グロース）,,サービス業,,JPX Growth Market,2025-12-26,2025-12-26,,6580,グロース（内国株式）,情報通信・サービスその他,-,True
6597,ＨＰＣシステムズ,,,,,上場（グロース）,,電気機器,,JPX Growth Market,2025-12-26,2025-12-26,,6597,グロース（内国株式）,電機・精密,-,False
6612,バルミューダ,,,,,上場（グロース）,,電気機器,,JPX Growth Market,2025-12-26,2025-12-26,,6612,グロース（内国株式）,電機・精密,-,False
6613,ＱＤレーザ,,,,,上場（グロース）,,電気機器,,JPX Growth Market,2025-12-26,2025-12-26,,6613,グロース（内国株式）,電機・精密,-,False
6696,トラース・オン・プロダクト,,,,,上場（グロース）,,電気機器,,JPX Growth Market,2025-12-26,2025-12-26,,6696,グロース（内国株式）,電機・精密,-,False
7031,インバウンドテック,,,,,上場（グロース）,,サービス業,,JPX Growth Market,2025-12-26,2025-12-26,,7031,グロース（内国株式）,情報通信・サービスその他,-,True
7036,イーエムネットジャパン,,,,,上場（グロース）,,サービス業,,JPX Growth Market,2025-12-26,2025-12-26,,7036,グロース（内国株式）,情報通信・サービスその他,-,True
7039,ブリッジインターナショナルグループ,,,,,上場（グロース）,,サービス業,,JPX Growth Market,2025-12-26,2025-12-26,,7039,グロース（内国株式）,情報通信・サービスその他,-,True
7041,ＣＲＧホールディングス,,,,,上場（グロース）,,サービス業,,JPX Growth Market,2025-12-26,2025-12-26,,7041,グロース（内国株式）,情報通信・サービスその他,-,True
7043,アルー,,,,,上場（グロース）,,サービス業,,JPX Growth Market,2025-12-26,2025-12-26,,7043,グロース（内国株式）,情報通信・サービスその他,-,True
7046,ＴＤＳＥ,,,,,上場（グロース）,,サービス業,,JPX Growth Market,2025-12-26,2025-12-26,,7046,グロース（内国株式）,情報通信・サービスその他,-,True
7047,ポート,,,,,上場（グロース）,,サービス業,,JPX Growth Market,2025-12-26,2025-12-26,,7047,グロース（内国株式）,情報通信・サービスその他,-,True
7048,ベルトラ,,,,,上場（グロース）,,サービス業,,JPX Growth Market,2025-12-26,2025-12-26,,7048,グロース（内国株式）,情報通信・サービスその他,-,True
7049,識学,,,,,上場（グロース）,,サービス業,,JPX Growth Market,2025-12-26,2025-12-26,,7049,グロース（内国株式）,情報通信・サービスその他,-,True
7050,フロンティアインターナショナル,,,,,上場（グロース）,,サービス業,,JPX Growth Market,2025-12-26,2025-12-26,,7050,グロース（内国株式）,情報通信・サービスその他,-,True
7061,日本ホスピスホールディングス,,,,,上場（グロース）,,サービス業,,JPX Growth Market,2025-12-26,2025-12-26,,7061,グロース（内国株式）,情報通信・サービスその他,-,True
7062,フレアス,,,,,上場（グロース）,,サービス業,,JPX Growth Market,2025-12-26,2025-12-26,,7062,グロース（内国株式）,情報通信・サービスその他,-,True
7063,Ｂｉｒｄｍａｎ,,,,,上場（グロース）,,サービス業,,JPX Growth Market,2025-12-26,2025-12-26,,7063,グロース（内国株式）,情報通信・サービスその他,-,True
7064,ハウテレビジョン,,,,,上場（グロース）,,サービス業,,JPX Growth Market,2025-12-26,2025-12-26,,7064,グロース（内国株式）,情報通信・サービスその他,-,True
7066,ピアズ,,,,,上場（グロース）,,サービス業,,JPX Growth Market,2025-12-26,2025-12-26,,7066,グロース（内国株式）,情報通信・サービスその他,-,True
7067,ブランディングテクノロジー,,,,,上場（グロース）,,サービス業,,JPX Growth Market,2025-12-26,2025-12-26,,7067,グロース（内国株式）,情報通信・サービスその他,-,True
7068,フィードフォースグループ,,,,,上場（グロース）,,サービス業,,JPX Growth Market,2025-12-26,2025-12-26,,7068,グロース（内国株式）,情報通信・サービスその他,-,True
7069,サイバー・バズ,,,,,上場（グロース）,,サービス業,,JPX Growth Market,2025-12-26,2025-12-26,,7069,グロース（内国株式）,情報通信・サービスその他,-,True
7072,インティメート・マージャー,,,,,上場（グロース）,,サービス業,,JPX Growth Market,2025-12-26,2025-12-26,,7072,グロース（内国株式）,情報通信・サービスその他,-,True
7073,ジェイック,,,,,上場（グロース）,,サービス業,,JPX Growth Market,2025-12-26,2025-12-26,,7073,グロース（内国株式）,情報通信・サービスその他,-,True
7074,トゥエンティーフォーセブンホールディングス,,,,,上場（グロース）,,サービス業,,JPX Growth Market,2025-12-26,2025-12-26,,7074,グロース（内国株式）,情報通信・サービスその他,-,True
7075,ＱＬＳホールディングス,,,,,上場（グロース）,,サービス業,,JPX Growth Market,2025-12-26,2025-12-26,,7075,グロース（内国株式）,情報通信・サービスその他,-,True
7077,ＡＬｉＮＫインターネット,,,,,上場（グロース）,,サービス業,,JPX Growth Market,2025-12-26,2025-12-26,,7077,グロース（内国株式）,情報通信・サービスその他,-,True
7078,ＩＮＣＬＵＳＩＶＥ　Ｈｏｌｄｉｎｇｓ,,,,,上場（グロース）,,サービス業,,JPX Growth Market,2025-12-26,2025-12-26,,7078,グロース（内国株式）,情報通信・サービスその他,-,True
7079,ＷＤＢココ,,,,,上場（グロース）,,サービス業,,JPX Growth Market,2025-12-26,2025-12-26,,7079,グロース（内国株式）,情報通信・サービスその他,-,True
7080,スポーツフィールド,,,,,上場（グロース）,,サービス業,,JPX Growth Market,2025-12-26,2025-12-26,,7080,グロース（内国株式）,情報通信・サービスその他,-,True
7082,ジモティー,,,,,上場（グロース）,,サービス業,,JPX Growth Market,2025-12-26,2025-12-26,,7082,グロース（内国株式）,情報通信・サービスその他,-,True
7083,ＡＨＣグループ,,,,,上場（グロース）,,サービス業,,JPX Growth Market,2025-12-26,2025-12-26,,7083,グロース（内国株式）,情報通信・サービスその他,-,True
7084,Ｓｍｉｌｅ　Ｈｏｌｄｉｎｇｓ,,,,,上場（グロース）,,サービス業,,JPX Growth Market,2025-12-26,2025-12-26,,7084,グロース（内国株式）,情報通信・サービスその他,-,True
7089,フォースタートアップス,,,,,上場（グロース）,,サービス業,,JPX Growth Market,2025-12-26,2025-12-26,,7089,グロース（内国株式）,情報通信・サービスその他,-,True
7090,リグア,,,,,上場（グロース）,,サービス業,,JPX Growth Market,2025-12-26,2025-12-26,,7090,グロース（内国株式）,情報通信・サービスその他,-,True
7091,リビングプラットフォーム,,,,,上場（グロース）,,サービス業,,JPX Growth Market,2025-12-26,2025-12-26,,7091,グロース（内国株式）,情報通信・サービスその他,-,True
7093,アディッシュ,,,,,上場（グロース）,,サービス業,,JPX Growth Market,2025-12-26,2025-12-26,,7093,グロース（内国株式）,情報通信・サービスその他,-,True
7094,ＮｅｘＴｏｎｅ,,,,,上場（グロース）,,サービス業,,JPX Growth Market,2025-12-26,2025-12-26,,7094,グロース（内国株式）,情報通信・サービスその他,-,True
7096,ステムセル研究所,,,,,上場（グロース）,,サービス業,,JPX Growth Market,2025-12-26,2025-12-26,,7096,グロース（内国株式）,情報通信・サービスその他,-,True
7097,さくらさくプラス,,,,,上場（グロース）,,サービス業,,JPX Growth Market,2025-12-26,2025-12-26,,7097,グロース（内国株式）,情報通信・サービスその他,-,True
7110,クラシコム,,,,,上場（グロース）,,小売業,,JPX Growth Market,2025-12-26,2025-12-26,,7110,グロース（内国株式）,小売,-,False
7112,キューブ,,,,,上場（グロース）,,小売業,,JPX Growth Market,2025-12-26,2025-12-26,,7112,グロース（内国株式）,小売,-,False
7114,フーディソン,,,,,上場（グロース）,,卸売業,,JPX Growth Market,2025-12-26,2025-12-26,,7114,グロース（内国株式）,商社・卸売,-,False
7119,ハルメクホールディングス,,,,,上場（グロース）,,小売業,,JPX Growth Market,2025-12-26,2025-12-26,,7119,グロース（内国株式）,小売,-,False
7133,ＨＹＵＧＡ　ＰＲＩＭＡＲＹ　ＣＡＲＥ,,,,,上場（グロース）,,小売業,,JPX Growth Market,2025-12-26,2025-12-26,,7133,グロース（内国株式）,小売,-,False
7138,ＴＯＲＩＣＯ,,,,,上場（グロース）,,小売業,,JPX Growth Market,2025-12-26,2025-12-26,,7138,グロース（内国株式）,小売,-,False
7140,ペットゴー,,,,,上場（グロース）,,小売業,,JPX Growth Market,2025-12-26,2025-12-26,,7140,グロース（内国株式）,小売,-,False
7317,松屋アールアンドディ,,,,,上場（グロース）,,輸送用機器,,JPX Growth Market,2025-12-26,2025-12-26,,7317,グロース（内国株式）,自動車・輸送機,-,False
7318,セレンディップ・ホールディングス,,,,,上場（グロース）,,輸送用機器,,JPX Growth Market,2025-12-26,2025-12-26,,7318,グロース（内国株式）,自動車・輸送機,-,False
7320,Ｓｏｌｖｖｙ,,,,,上場（グロース）,,その他金融業,,JPX Growth Market,2025-12-26,2025-12-26,,7320,グロース（内国株式）,金融（除く銀行）,-,False
7325,アイリックコーポレーション,,,,,上場（グロース）,,保険業,,JPX Growth Market,2025-12-26,2025-12-26,,7325,グロース（内国株式）,金融（除く銀行）,-,False
7326,ＳＢＩインシュアランスグループ,,,,,上場（グロース）,,保険業,,JPX Growth Market,2025-12-26,2025-12-26,,7326,グロース（内国株式）,金融（除く銀行）,-,False
7343,ブロードマインド,,,,,上場（グロース）,,保険業,,JPX Growth Market,2025-12-26,2025-12-26,,7343,グロース（内国株式）,金融（除く銀行）,-,False
7345,アイ・パートナーズフィナンシャル,,,,,上場（グロース）,,その他金融業,,JPX Growth Market,2025-12-26,2025-12-26,,7345,グロース（内国株式）,金融（除く銀行）,-,False
7351,グッドパッチ,,,,,上場（グロース）,,サービス業,,JPX Growth Market,2025-12-26,2025-12-26,,7351,グロース（内国株式）,情報通信・サービスその他,-,True
7352,ＴＷＯＳＴＯＮＥ＆Ｓｏｎｓ,,,,,上場（グロース）,,サービス業,,JPX Growth Market,2025-12-26,2025-12-26,,7352,グロース（内国株式）,情報通信・サービスその他,-,True
7353,ＫＩＹＯラーニング,,,,,上場（グロース）,,サービス業,,JPX Growth Market,2025-12-26,2025-12-26,,7353,グロース（内国株式）,情報通信・サービスその他,-,True
7356,Ｒｅｔｔｙ,,,,,上場（グロース）,,サービス業,,JPX Growth Market,2025-12-26,2025-12-26,,7356,グロース（内国株式）,情報通信・サービスその他,-,True
7359,東京通信グループ,,,,,上場（グロース）,,サービス業,,JPX Growth Market,2025-12-26,2025-12-26,,7359,グロース（内国株式）,情報通信・サービスその他,-,True
7360,オンデック,,,,,上場（グロース）,,サービス業,,JPX Growth Market,2025-12-26,2025-12-26,,7360,グロース（内国株式）,情報通信・サービスその他,-,True
7361,ヒューマンクリエイションホールディングス,,,,,上場（グロース）,,サービス業,,JPX Growth Market,2025-12-26,2025-12-26,,7361,グロース（内国株式）,情報通信・サービスその他,-,True
7362,Ｔ．Ｓ．Ｉ,,,,,上場（グロース）,,サービス業,,JPX Growth Market,2025-12-26,2025-12-26,,7362,グロース（内国株式）,情報通信・サービスその他,-,True
7363,ベビーカレンダー,,,,,上場（グロース）,,サービス業,,JPX Growth Market,2025-12-26,2025-12-26,,7363,グロース（内国株式）,情報通信・サービスその他,-,True
7369,メイホーホールディングス,,,,,上場（グロース）,,サービス業,,JPX Growth Market,2025-12-26,2025-12-26,,7369,グロース（内国株式）,情報通信・サービスその他,-,True
7370,Ｅｎｊｉｎ,,,,,上場（グロース）,,サービス業,,JPX Growth Market,2025-12-26,2025-12-26,,7370,グロース（内国株式）,情報通信・サービスその他,-,True
7371,Ｚｅｎｋｅｎ,,,,,上場（グロース）,,サービス業,,JPX Growth Market,2025-12-26,2025-12-26,,7371,グロース（内国株式）,情報通信・サービスその他,-,True
7372,デコルテ・ホールディングス,,,,,上場（グロース）,,サービス業,,JPX Growth Market,2025-12-26,2025-12-26,,7372,グロース（内国株式）,情報通信・サービスその他,-,True
7373,アイドマ・ホールディングス,,,,,上場（グロース）,,サービス業,,JPX Growth Market,2025-12-26,2025-12-26,,7373,グロース（内国株式）,情報通信・サービスその他,-,True
7374,コンフィデンス・インターワークス,,,,,上場（グロース）,,サービス業,,JPX Growth Market,2025-12-26,2025-12-26,,7374,グロース（内国株式）,情報通信・サービスその他,-,True
7375,リファインバースグループ,,,,,上場（グロース）,,サービス業,,JPX Growth Market,2025-12-26,2025-12-26,,7375,グロース（内国株式）,情報通信・サービスその他,-,True
7376,ＢＣＣ,,,,,上場（グロース）,,サービス業,,JPX Growth Market,2025-12-26,2025-12-26,,7376,グロース（内国株式）,情報通信・サービスその他,-,True
7378,アシロ,,,,,上場（グロース）,,サービス業,,JPX Growth Market,2025-12-26,2025-12-26,,7378,グロース（内国株式）,情報通信・サービスその他,-,True
7409,ＡｅｒｏＥｄｇｅ,,,,,上場（グロース）,,輸送用機器,,JPX Growth Market,2025-12-26,2025-12-26,,7409,グロース（内国株式）,自動車・輸送機,-,False
7674,ＮＡＴＴＹ　ＳＷＡＮＫＹホールディングス,,,,,上場（グロース）,,小売業,,JPX Growth Market,2025-12-26,2025-12-26,,7674,グロース（内国株式）,小売,-,False
7685,ＢｕｙＳｅｌｌ　Ｔｅｃｈｎｏｌｏｇｉｅｓ,,,,,上場（グロース）,,卸売業,,JPX Growth Market,2025-12-26,2025-12-26,,7685,グロース（内国株式）,商社・卸売,-,False
7687,ミクリード,,,,,上場（グロース）,,卸売業,,JPX Growth Market,2025-12-26,2025-12-26,,7687,グロース（内国株式）,商社・卸売,-,False
7689,コパ・コーポレーション,,,,,上場（グロース）,,卸売業,,JPX Growth Market,2025-12-26,2025-12-26,,7689,グロース（内国株式）,商社・卸売,-,False
7694,いつも,,,,,上場（グロース）,,小売業,,JPX Growth Market,2025-12-26,2025-12-26,,7694,グロース（内国株式）,小売,-,False
7695,交換できるくん,,,,,上場（グロース）,,小売業,,JPX Growth Market,2025-12-26,2025-12-26,,7695,グロース（内国株式）,小売,-,False
7699,オムニ・プラス・システム・リミテッド　ＪＤＲ,,,,,上場（グロース）,,卸売業,,JPX Growth Market,2025-12-26,2025-12-26,,7699,グロース（外国株式）,商社・卸売,-,False
7707,プレシジョン・システム・サイエンス,,,,,上場（グロース）,,精密機器,,JPX Growth Market,2025-12-26,2025-12-26,,7707,グロース（内国株式）,電機・精密,-,False
7774,ジャパン・ティッシュエンジニアリング,,,,,上場（グロース）,,精密機器,,JPX Growth Market,2025-12-26,2025-12-26,,7774,グロース（内国株式）,電機・精密,-,False
7776,セルシード,,,,,上場（グロース）,,精密機器,,JPX Growth Market,2025-12-26,2025-12-26,,7776,グロース（内国株式）,電機・精密,-,False
7777,スリー・ディー・マトリックス,,,,,上場（グロース）,,精密機器,,JPX Growth Market,2025-12-26,2025-12-26,,7777,グロース（内国株式）,電機・精密,-,False
7779,ＣＹＢＥＲＤＹＮＥ,,,,,上場（グロース）,,精密機器,,JPX Growth Market,2025-12-26,2025-12-26,,7779,グロース（内国株式）,電機・精密,-,False
7792,コラントッテ,,,,,上場（グロース）,,その他製品,,JPX Growth Market,2025-12-26,2025-12-26,,7792,グロース（内国株式）,情報通信・サービスその他,-,False
7793,イメージ・マジック,,,,,上場（グロース）,,その他製品,,JPX Growth Market,2025-12-26,2025-12-26,,7793,グロース（内国株式）,情報通信・サービスその他,-,False
7794,イーディーピー,,,,,上場（グロース）,,その他製品,,JPX Growth Market,2025-12-26,2025-12-26,,7794,グロース（内国株式）,情報通信・サービスその他,-,False
7803,ブシロード,,,,,上場（グロース）,,その他製品,,JPX Growth Market,2025-12-26,2025-12-26,,7803,グロース（内国株式）,情報通信・サービスその他,-,False
7806,ＭＴＧ,,,,,上場（グロース）,,その他製品,,JPX Growth Market,2025-12-26,2025-12-26,,7806,グロース（内国株式）,情報通信・サービスその他,-,False
8938,グローム・ホールディングス,,,,,上場（グロース）,,不動産業,,JPX Growth Market,2025-12-26,2025-12-26,,8938,グロース（内国株式）,不動産,-,False
9158,シーユーシー,,,,,上場（グロース）,,サービス業,,JPX Growth Market,2025-12-26,2025-12-26,,9158,グロース（内国株式）,情報通信・サービスその他,-,True
9159,Ｗ　ＴＯＫＹＯ,,,,,上場（グロース）,,サービス業,,JPX Growth Market,2025-12-26,2025-12-26,,9159,グロース（内国株式）,情報通信・サービスその他,-,True
9162,ブリーチ,,,,,上場（グロース）,,サービス業,,JPX Growth Market,2025-12-26,2025-12-26,,9162,グロース（内国株式）,情報通信・サービスその他,-,True
9163,ナレルグループ,,,,,上場（グロース）,,サービス業,,JPX Growth Market,2025-12-26,2025-12-26,,9163,グロース（内国株式）,情報通信・サービスその他,-,True
9165,クオルテック,,,,,上場（グロース）,,サービス業,,JPX Growth Market,2025-12-26,2025-12-26,,9165,グロース（内国株式）,情報通信・サービスその他,-,True
9166,ＧＥＮＤＡ,,,,,上場（グロース）,,サービス業,,JPX Growth Market,2025-12-26,2025-12-26,,9166,グロース（内国株式）,情報通信・サービスその他,-,True
9168,ライズ・コンサルティング・グループ,,,,,上場（グロース）,,サービス業,,JPX Growth Market,2025-12-26,2025-12-26,,9168,グロース（内国株式）,情報通信・サービスその他,-,True
9204,スカイマーク,,,,,上場（グロース）,,空運業,,JPX Growth Market,2025-12-26,2025-12-26,,9204,グロース（内国株式）,運輸・物流,-,False
9211,エフ・コード,,,,,上場（グロース）,,サービス業,,JPX Growth Market,2025-12-26,2025-12-26,,9211,グロース（内国株式）,情報通信・サービスその他,-,True
9212,Ｇｒｅｅｎ　Ｅａｒｔｈ　Ｉｎｓｔｉｔｕｔｅ,,,,,上場（グロース）,,サービス業,,JPX Growth Market,2025-12-26,2025-12-26,,9212,グロース（内国株式）,情報通信・サービスその他,-,True
9214,Ｒｅｃｏｖｅｒｙ　Ｉｎｔｅｒｎａｔｉｏｎａｌ,,,,,上場（グロース）,,サービス業,,JPX Growth Market,2025-12-26,2025-12-26,,9214,グロース（内国株式）,情報通信・サービスその他,-,True
9215,ＣａＳｙ,,,,,上場（グロース）,,サービス業,,JPX Growth Market,2025-12-26,2025-12-26,,9215,グロース（内国株式）,情報通信・サービスその他,-,True
9218,メンタルヘルステクノロジーズ,,,,,上場（グロース）,,サービス業,,JPX Growth Market,2025-12-26,2025-12-26,,9218,グロース（内国株式）,情報通信・サービスその他,-,True
9219,ギックス,,,,,上場（グロース）,,サービス業,,JPX Growth Market,2025-12-26,2025-12-26,,9219,グロース（内国株式）,情報通信・サービスその他,-,True
9223,ＡＳＮＯＶＡ,,,,,上場（グロース）,,サービス業,,JPX Growth Market,2025-12-26,2025-12-26,,9223,グロース（内国株式）,情報通信・サービスその他,-,True
9225,ブリッジコンサルティンググループ,,,,,上場（グロース）,,サービス業,,JPX Growth Market,2025-12-26,2025-12-26,,9225,グロース（内国株式）,情報通信・サービスその他,-,True
9227,マイクロ波化学,,,,,上場（グロース）,,サービス業,,JPX Growth Market,2025-12-26,2025-12-26,,9227,グロース（内国株式）,情報通信・サービスその他,-,True
9235,売れるネット広告社グループ,,,,,上場（グロース）,,サービス業,,JPX Growth Market,2025-12-26,2025-12-26,,9235,グロース（内国株式）,情報通信・サービスその他,-,True
9236,ジャパンＭ＆Ａソリューション,,,,,上場（グロース）,,サービス業,,JPX Growth Market,2025-12-26,2025-12-26,,9236,グロース（内国株式）,情報通信・サービスその他,-,True
9237,笑美面,,,,,上場（グロース）,,サービス業,,JPX Growth Market,2025-12-26,2025-12-26,,9237,グロース（内国株式）,情報通信・サービスその他,-,True
9238,バリュークリエーション,,,,,上場（グロース）,,サービス業,,JPX Growth Market,2025-12-26,2025-12-26,,9238,グロース（内国株式）,情報通信・サービスその他,-,True
9240,デリバリーコンサルティング,,,,,上場（グロース）,,サービス業,,JPX Growth Market,2025-12-26,2025-12-26,,9240,グロース（内国株式）,情報通信・サービスその他,-,True
9241,フューチャーリンクネットワーク,,,,,上場（グロース）,,サービス業,,JPX Growth Market,2025-12-26,2025-12-26,,9241,グロース（内国株式）,情報通信・サービスその他,-,True
9242,メディア総研,,,,,上場（グロース）,,サービス業,,JPX Growth Market,2025-12-26,2025-12-26,,9242,グロース（内国株式）,情報通信・サービスその他,-,True
9244,デジタリフト,,,,,上場（グロース）,,サービス業,,JPX Growth Market,2025-12-26,2025-12-26,,9244,グロース（内国株式）,情報通信・サービスその他,-,True
9245,リベロ,,,,,上場（グロース）,,サービス業,,JPX Growth Market,2025-12-26,2025-12-26,,9245,グロース（内国株式）,情報通信・サービスその他,-,True
9246,プロジェクトホールディングス,,,,,上場（グロース）,,サービス業,,JPX Growth Market,2025-12-26,2025-12-26,,9246,グロース（内国株式）,情報通信・サービスその他,-,True
9250,ＧＲＣＳ,,,,,上場（グロース）,,サービス業,,JPX Growth Market,2025-12-26,2025-12-26,,9250,グロース（内国株式）,情報通信・サービスその他,-,True
9251,ＡＢ＆Ｃｏｍｐａｎｙ,,,,,上場（グロース）,,サービス業,,JPX Growth Market,2025-12-26,2025-12-26,,9251,グロース（内国株式）,情報通信・サービスその他,-,True
9252,ラストワンマイル,,,,,上場（グロース）,,サービス業,,JPX Growth Market,2025-12-26,2025-12-26,,9252,グロース（内国株式）,情報通信・サービスその他,-,True
9253,スローガン,,,,,上場（グロース）,,サービス業,,JPX Growth Market,2025-12-26,2025-12-26,,9253,グロース（内国株式）,情報通信・サービスその他,-,True
9254,ラバブルマーケティンググループ,,,,,上場（グロース）,,サービス業,,JPX Growth Market,2025-12-26,2025-12-26,,9254,グロース（内国株式）,情報通信・サービスその他,-,True
9256,サクシード,,,,,上場（グロース）,,サービス業,,JPX Growth Market,2025-12-26,2025-12-26,,9256,グロース（内国株式）,情報通信・サービスその他,-,True
9257,ＹＣＰホールディングス（グローバル）リミテッド　ＪＤＲ,,,,,上場（グロース）,,サービス業,,JPX Growth Market,2025-12-26,2025-12-26,,9257,グロース（外国株式）,情報通信・サービスその他,-,True
9258,ＣＳ－Ｃ,,,,,上場（グロース）,,サービス業,,JPX Growth Market,2025-12-26,2025-12-26,,9258,グロース（内国株式）,情報通信・サービスその他,-,True
9259,タカヨシホールディングス,,,,,上場（グロース）,,サービス業,,JPX Growth Market,2025-12-26,2025-12-26,,9259,グロース（内国株式）,情報通信・サービスその他,-,True
9270,バリュエンスホールディングス,,,,,上場（グロース）,,卸売業,,JPX Growth Market,2025-12-26,2025-12-26,,9270,グロース（内国株式）,商社・卸売,-,False
9271,和心,,,,,上場（グロース）,,小売業,,JPX Growth Market,2025-12-26,2025-12-26,,9271,グロース（内国株式）,小売,-,False
9272,ブティックス,,,,,上場（グロース）,,サービス業,,JPX Growth Market,2025-12-26,2025-12-26,,9272,グロース（内国株式）,情報通信・サービスその他,-,True
9326,関通,,,,,上場（グロース）,,倉庫・運輸関連業,,JPX Growth Market,2025-12-26,2025-12-26,,9326,グロース（内国株式）,運輸・物流,-,False
9330,揚羽,,,,,上場（グロース）,,サービス業,,JPX Growth Market,2025-12-26,2025-12-26,,9330,グロース（内国株式）,情報通信・サービスその他,-,True
9331,キャスター,,,,,上場（グロース）,,サービス業,,JPX Growth Market,2025-12-26,2025-12-26,,9331,グロース（内国株式）,情報通信・サービスその他,-,True
9337,トリドリ,,,,,上場（グロース）,,サービス業,,JPX Growth Market,2025-12-26,2025-12-26,,9337,グロース（内国株式）,情報通信・サービスその他,-,True
9338,ＩＮＦＯＲＩＣＨ,,,,,上場（グロース）,,サービス業,,JPX Growth Market,2025-12-26,2025-12-26,,9338,グロース（内国株式）,情報通信・サービスその他,-,True
9342,スマサポ,,,,,上場（グロース）,,サービス業,,JPX Growth Market,2025-12-26,2025-12-26,,9342,グロース（内国株式）,情報通信・サービスその他,-,True
9343,アイビス,,,,,上場（グロース）,,サービス業,,JPX Growth Market,2025-12-26,2025-12-26,,9343,グロース（内国株式）,情報通信・サービスその他,-,True
9344,アクシスコンサルティング,,,,,上場（グロース）,,サービス業,,JPX Growth Market,2025-12-26,2025-12-26,,9344,グロース（内国株式）,情報通信・サービスその他,-,True
9345,ビズメイツ,,,,,上場（グロース）,,サービス業,,JPX Growth Market,2025-12-26,2025-12-26,,9345,グロース（内国株式）,情報通信・サービスその他,-,True
9346,ココルポート,,,,,上場（グロース）,,サービス業,,JPX Growth Market,2025-12-26,2025-12-26,,9346,グロース（内国株式）,情報通信・サービスその他,-,True
9348,ｉｓｐａｃｅ,,,,,上場（グロース）,,サービス業,,JPX Growth Market,2025-12-26,2025-12-26,,9348,グロース（内国株式）,情報通信・サービスその他,-,True
9467,アルファポリス,,,,,上場（グロース）,,情報・通信業,,JPX Growth Market,2025-12-26,2025-12-26,,9467,グロース（内国株式）,情報通信・サービスその他,-,True
9553,マイクロアド,,,,,上場（グロース）,,サービス業,,JPX Growth Market,2025-12-26,2025-12-26,,9553,グロース（内国株式）,情報通信・サービスその他,-,True
9554,ＡＶｉＣ,,,,,上場（グロース）,,サービス業,,JPX Growth Market,2025-12-26,2025-12-26,,9554,グロース（内国株式）,情報通信・サービスその他,-,True
9556,ＩＮＴＬＯＯＰ,,,,,上場（グロース）,,サービス業,,JPX Growth Market,2025-12-26,2025-12-26,,9556,グロース（内国株式）,情報通信・サービスその他,-,True
9557,エアークローゼット,,,,,上場（グロース）,,サービス業,,JPX Growth Market,2025-12-26,2025-12-26,,9557,グロース（内国株式）,情報通信・サービスその他,-,True
9558,ジャパニアス,,,,,上場（グロース）,,サービス業,,JPX Growth Market,2025-12-26,2025-12-26,,9558,グロース（内国株式）,情報通信・サービスその他,-,True
9560,プログリット,,,,,上場（グロース）,,サービス業,,JPX Growth Market,2025-12-26,2025-12-26,,9560,グロース（内国株式）,情報通信・サービスその他,-,True
9561,グラッドキューブ,,,,,上場（グロース）,,サービス業,,JPX Growth Market,2025-12-26,2025-12-26,,9561,グロース（内国株式）,情報通信・サービスその他,-,True
9562,ビジネスコーチ,,,,,上場（グロース）,,サービス業,,JPX Growth Market,2025-12-26,2025-12-26,,9562,グロース（内国株式）,情報通信・サービスその他,-,True
9563,Ａｔｌａｓ　Ｔｅｃｈｎｏｌｏｇｉｅｓ,,,,,上場（グロース）,,サービス業,,JPX Growth Market,2025-12-26,2025-12-26,,9563,グロース（内国株式）,情報通信・サービスその他,-,True
9565,ＧＬＯＥ,,,,,上場（グロース）,,サービス業,,JPX Growth Market,2025-12-26,2025-12-26,,9565,グロース（内国株式）,情報通信・サービスその他,-,True
